Student_ID,Age,Study_Hours,Attendance,Assignments,Marks
1,24,5.0,87.2,5.0,48.5
2,21,3.5,93.7,10.0,99.3
3,22,6.6,69.1,10.0,41.3
4,24,9.9,,3.0,50.0
5,20,4.5,61.3,7.0,98.5
6,22,6.2,96.5,3.0,77.7
7,22,4.7,64.7,9.0,67.0
8,24,8.6,85.8,7.0,44.7
9,19,9.1,70.0,9.0,80.2
10,20,8.9,93.5,4.0,48.3
11,24,9.8,80.5,6.0,80.3
12,20,1.2,65.4,10.0,98.8
13,20,8.6,82.8,8.0,71.9
14,22,7.8,76.3,3.0,52.8
15,21,3.1,86.5,5.0,77.5
16,20,9.6,95.3,9.0,70.8
17,23,2.3,76.4,9.0,72.0
18,22,7.1,71.6,6.0,68.7
19,19,3.0,60.6,3.0,80.4
20,21,4.9,83.0,5.0,74.3
21,23,7.5,76.1,5.0,99.2
22,23,6.1,75.0,9.0,89.6
23,19,4.8,67.3,8.0,55.9
24,21,3.9,77.2,9.0,83.5
25,22,8.6,99.4,8.0,52.9
26,18,2.3,71.9,9.0,86.9
27,21,4.9,84.0,9.0,48.9
28,19,9.1,91.1,5.0,68.4
29,23,8.6,90.0,8.0,87.4
30,22,4.6,73.2,5.0,56.8
31,21,7.9,84.4,3.0,90.2
32,18,8.4,94.9,9.0,78.6
33,18,9.0,60.6,4.0,63.9
34,20,5.9,77.4,8.0,65.4
35,20,2.8,69.0,,95.6
36,24,3.3,75.5,10.0,53.1
37,19,3.7,76.6,7.0,81.6
38,21,6.3,89.9,7.0,82.4
39,21,1.3,63.8,4.0,95.3
40,24,6.7,80.5,5.0,82.8
41,23,4.3,82.6,5.0,75.1
42,23,3.7,79.8,10.0,94.2
43,24,8.9,89.3,10.0,89.7
44,23,5.1,75.4,6.0,83.0
45,20,1.9,97.8,10.0,42.0
46,21,8.4,79.3,7.0,62.4
47,24,1.4,82.8,7.0,77.9
48,21,7.5,93.0,5.0,71.3
49,18,8.0,71.0,7.0,59.2
50,20,4.2,,5.0,48.7
51,22,8.4,88.3,9.0,73.2
52,20,5.6,79.3,9.0,57.2
53,24,5.2,95.9,5.0,54.0
54,22,1.4,,8.0,
55,18,3.6,76.0,5.0,87.1
56,24,9.4,76.6,3.0,69.3
57,19,4.5,76.3,3.0,53.0
58,21,5.9,73.0,3.0,47.0
59,18,5.8,91.3,3.0,69.9
60,21,6.3,90.4,4.0,87.7
61,23,1.6,79.1,6.0,79.2
62,19,4.3,61.8,6.0,53.9
63,19,7.5,72.4,5.0,66.2
64,18,2.8,71.7,9.0,91.3
65,19,2.8,92.4,7.0,50.7
66,22,1.1,63.5,3.0,71.9
67,19,4.9,92.2,6.0,61.4
68,21,8.9,86.8,6.0,
69,21,1.5,89.3,3.0,43.0
70,24,2.7,77.3,9.0,73.4
71,21,3.8,87.2,4.0,41.2
72,24,7.6,84.4,4.0,46.2
73,21,6.8,90.8,10.0,60.9
74,22,4.7,77.9,6.0,42.6
75,24,7.8,78.9,10.0,64.0
76,20,6.5,85.7,4.0,47.8
77,23,9.1,64.3,8.0,61.0
78,18,8.4,77.4,3.0,87.5
79,21,3.3,98.9,9.0,77.6
80,19,3.4,61.5,6.0,66.7
81,21,2.1,72.6,3.0,45.5
82,19,4.0,72.6,4.0,77.1
83,23,10.0,85.3,3.0,49.8
84,23,4.7,64.2,4.0,44.6
85,23,3.0,85.1,9.0,79.8
86,19,7.9,63.8,4.0,94.7
87,21,5.9,63.8,3.0,
88,23,2.3,89.1,9.0,42.5
89,22,4.4,73.0,4.0,92.8
90,24,4.7,99.1,10.0,44.0
91,19,7.8,61.5,8.0,92.1
92,19,1.2,77.8,5.0,63.5
93,21,3.4,64.5,3.0,61.9
94,19,5.7,74.1,5.0,72.6
95,19,3.4,99.9,3.0,97.4
96,23,6.7,95.6,4.0,93.9
97,21,5.3,61.9,4.0,68.2
98,23,4.3,82.5,9.0,81.7
99,24,9.5,85.9,6.0,74.8
100,24,6.7,68.4,8.0,81.6
101,23,2.2,65.8,10.0,89.8
102,24,6.0,96.2,6.0,42.1
103,21,8.0,98.8,5.0,59.5
104,18,7.4,99.7,4.0,97.6
105,23,2.5,91.6,6.0,97.0
106,22,9.8,86.5,4.0,40.7
107,22,5.0,73.8,3.0,52.1
108,19,2.4,66.9,6.0,99.6
109,24,2.6,63.2,5.0,69.6
110,22,1.9,87.7,9.0,74.4
111,19,8.2,91.4,6.0,50.0
112,18,,93.1,4.0,93.7
113,21,2.1,96.6,7.0,53.9
114,21,8.7,95.2,7.0,51.4
115,21,4.1,100.0,9.0,53.7
116,22,1.3,69.8,9.0,95.2
117,18,1.5,90.5,8.0,82.2
118,22,2.3,83.5,9.0,86.1
119,24,2.9,70.4,4.0,62.6
120,22,7.0,99.3,10.0,94.6
121,18,2.4,95.9,3.0,87.4
122,18,2.1,65.1,6.0,85.0
123,24,7.9,61.0,9.0,98.3
124,18,7.0,87.5,7.0,62.0
125,18,4.9,84.2,3.0,76.7
126,21,5.9,97.4,10.0,94.6
127,24,3.8,69.4,4.0,87.5
128,20,5.3,63.4,3.0,73.8
129,20,5.6,70.4,4.0,44.6
130,18,4.5,60.8,10.0,79.2
131,20,9.2,61.4,10.0,71.6
132,20,1.1,96.6,8.0,51.1
133,18,8.0,74.1,6.0,92.9
134,20,2.1,76.4,3.0,60.6
135,22,8.2,60.7,10.0,63.2
136,19,,70.8,6.0,80.3
137,24,8.6,92.2,3.0,69.3
138,19,1.9,84.6,4.0,45.4
139,18,6.0,90.2,10.0,63.2
140,21,5.5,77.9,4.0,45.7
141,24,7.4,72.4,3.0,51.4
142,18,5.8,79.3,8.0,40.4
143,21,5.9,72.9,4.0,50.9
144,19,4.9,93.6,5.0,59.8
145,18,3.8,71.9,5.0,72.3
146,24,5.3,86.4,6.0,95.2
147,24,2.1,65.5,9.0,72.4
148,23,9.7,87.5,5.0,82.3
149,22,7.4,96.5,5.0,61.5
150,20,9.6,84.3,8.0,85.1
151,21,3.0,82.4,,77.2
152,23,8.9,98.4,9.0,67.6
153,20,8.3,85.1,7.0,51.6
154,20,7.1,70.4,9.0,58.2
155,18,6.6,71.7,7.0,77.3
156,20,3.8,88.2,8.0,65.6
157,22,8.3,89.4,7.0,93.4
158,24,5.5,72.1,8.0,54.1
159,23,1.6,73.8,7.0,44.4
160,20,3.8,99.6,4.0,75.4
161,18,9.4,64.1,8.0,93.2
162,22,8.7,,9.0,61.9
163,19,9.8,62.5,6.0,
164,24,6.7,92.8,6.0,53.9
165,24,3.2,63.7,8.0,73.5
166,23,2.5,87.0,5.0,87.2
167,24,2.7,62.3,10.0,92.0
168,20,1.2,86.9,6.0,46.3
169,18,4.5,93.7,9.0,61.4
170,24,2.7,76.0,5.0,78.4
171,24,4.7,80.9,6.0,42.1
172,19,9.4,76.1,10.0,81.4
173,19,4.9,72.0,3.0,
174,21,8.9,92.1,3.0,57.3
175,22,6.4,70.9,8.0,88.9
176,20,3.2,88.9,10.0,57.4
177,24,4.2,68.2,9.0,99.5
178,24,1.8,70.0,9.0,89.0
179,18,4.0,73.5,,82.5
180,21,7.1,83.6,4.0,43.7
181,22,1.6,78.2,5.0,94.3
182,21,2.8,89.8,10.0,87.4
183,23,4.4,68.5,6.0,53.7
184,22,9.8,60.4,8.0,63.5
185,24,8.1,91.1,,56.1
186,24,7.6,92.9,,99.1
187,22,2.0,62.4,7.0,91.3
188,24,8.0,84.4,8.0,95.8
189,20,8.1,75.1,6.0,87.3
190,22,6.4,91.8,4.0,67.4
191,21,9.9,95.0,10.0,52.3
192,22,3.9,94.0,7.0,52.5
193,24,9.5,91.1,8.0,49.1
194,20,9.2,70.8,6.0,72.8
195,20,1.1,92.5,3.0,95.2
196,23,5.1,81.3,9.0,99.5
197,21,9.8,62.1,6.0,57.2
198,19,1.9,78.3,3.0,81.8
199,19,5.9,97.7,3.0,75.8
200,22,9.8,95.5,8.0,69.3
201,23,6.0,64.1,6.0,79.9
202,18,2.7,89.8,9.0,62.3
203,22,6.2,92.2,6.0,96.7
204,23,2.8,,3.0,82.3
205,21,5.7,78.9,5.0,85.3
206,21,1.7,88.4,7.0,54.5
207,21,6.4,77.6,4.0,50.1
208,21,5.7,64.5,6.0,63.7
209,21,7.7,88.2,7.0,
210,23,6.7,96.5,7.0,96.3
211,23,5.9,86.1,10.0,65.6
212,20,7.2,91.0,5.0,86.4
213,19,2.3,74.3,7.0,68.2
214,24,6.4,67.3,6.0,57.7
215,21,2.5,85.7,8.0,84.4
216,18,9.3,73.1,8.0,87.9
217,24,1.6,94.4,10.0,52.2
218,23,4.9,64.9,7.0,58.3
219,18,7.3,77.3,6.0,69.7
220,18,5.1,75.9,6.0,51.2
221,18,1.8,97.5,3.0,95.7
222,20,6.0,66.1,5.0,75.5
223,23,6.8,60.4,9.0,47.3
224,18,7.3,69.5,4.0,51.0
225,21,4.4,,9.0,97.3
226,22,6.1,68.4,10.0,84.3
227,18,5.1,69.6,3.0,84.1
228,20,7.0,65.2,4.0,44.3
229,24,6.3,88.6,9.0,93.7
230,23,5.7,62.8,6.0,66.6
231,20,3.2,73.2,8.0,79.6
232,18,1.0,71.3,3.0,97.6
233,23,2.6,82.2,9.0,46.0
234,22,2.1,89.2,10.0,68.9
235,18,5.0,81.3,7.0,43.0
236,20,6.5,,10.0,70.0
237,19,2.9,98.1,10.0,55.1
238,21,9.5,74.5,10.0,94.7
239,24,1.1,91.1,7.0,63.9
240,20,8.0,89.6,4.0,78.0
241,23,6.6,95.7,6.0,91.6
242,18,4.4,77.9,8.0,99.0
243,21,1.5,81.2,4.0,70.2
244,18,6.6,76.6,9.0,67.3
245,23,4.5,94.0,9.0,44.5
246,18,9.4,69.2,8.0,40.8
247,19,5.9,69.6,9.0,76.5
248,21,9.5,74.9,5.0,43.9
249,21,3.0,69.2,8.0,62.8
250,23,7.5,82.4,7.0,40.2
251,24,6.6,65.4,9.0,76.9
252,19,,72.8,9.0,65.5
253,20,2.9,,3.0,47.6
254,18,7.0,76.4,3.0,57.8
255,22,5.5,89.9,3.0,74.2
256,18,7.7,64.5,,79.4
257,18,3.9,69.9,7.0,67.7
258,20,9.0,92.3,8.0,88.2
259,18,1.8,90.5,10.0,46.7
260,19,8.3,75.4,6.0,45.1
261,19,8.8,98.2,7.0,42.7
262,21,8.4,96.4,7.0,72.1
263,23,5.6,98.5,10.0,82.4
264,24,4.9,77.1,8.0,47.8
265,22,10.0,67.9,8.0,78.3
266,18,3.1,85.1,3.0,68.6
267,18,5.9,87.4,,99.2
268,20,7.0,65.0,3.0,83.0
269,23,7.3,91.5,6.0,79.4
270,19,2.8,60.7,5.0,74.2
271,22,6.9,79.3,3.0,99.8
272,21,8.4,73.2,8.0,98.8
273,19,1.5,89.6,9.0,72.3
274,23,9.2,72.5,4.0,67.3
275,24,1.3,93.1,5.0,67.7
276,21,4.2,83.8,6.0,65.7
277,24,1.1,91.8,9.0,71.9
278,20,1.7,99.6,8.0,56.4
279,20,9.2,87.2,5.0,95.6
280,18,4.2,99.4,10.0,69.4
281,24,4.8,61.2,8.0,90.5
282,23,2.9,73.5,3.0,68.5
283,22,6.4,64.3,9.0,83.1
284,21,6.4,70.5,8.0,60.2
285,19,4.3,93.6,9.0,77.5
286,23,4.0,61.3,6.0,69.9
287,23,9.0,80.8,4.0,62.0
288,20,4.4,82.7,3.0,92.9
289,24,5.4,82.4,3.0,
290,18,3.5,79.0,9.0,69.2
291,18,8.1,91.6,6.0,51.7
292,21,4.6,65.3,6.0,91.7
293,20,5.6,72.4,5.0,55.2
294,23,3.3,84.6,4.0,78.0
295,22,,87.6,8.0,49.9
296,20,3.6,76.2,5.0,64.3
297,21,7.9,95.0,8.0,
298,21,4.8,76.6,8.0,50.0
299,20,2.9,76.1,8.0,79.8
300,21,8.2,,5.0,52.3
301,20,4.0,82.0,3.0,64.9
302,19,8.8,88.3,6.0,72.4
303,20,9.2,64.6,3.0,74.6
304,24,8.7,72.2,4.0,76.2
305,20,1.3,91.3,5.0,78.4
306,21,8.1,74.6,10.0,56.3
307,24,4.7,69.7,4.0,64.1
308,21,8.9,86.9,6.0,42.2
309,18,6.7,67.9,6.0,86.1
310,18,8.5,95.8,7.0,90.2
311,24,5.5,64.2,4.0,52.0
312,19,5.8,88.3,10.0,52.1
313,18,2.3,80.0,3.0,42.5
314,20,8.1,94.8,9.0,98.2
315,21,4.8,65.0,10.0,88.4
316,18,5.5,87.1,4.0,61.6
317,18,8.1,82.9,5.0,68.9
318,19,6.4,79.2,6.0,57.5
319,24,2.8,79.7,6.0,75.8
320,24,6.3,88.9,4.0,
321,23,4.7,97.5,10.0,66.8
322,19,5.2,63.7,4.0,92.4
323,20,1.3,,8.0,71.0
324,24,2.9,92.2,4.0,48.7
325,21,3.5,64.3,8.0,77.3
326,19,7.4,99.5,10.0,67.7
327,18,1.1,84.8,5.0,96.1
328,21,4.7,86.0,5.0,
329,21,9.3,68.0,3.0,64.2
330,18,,69.6,4.0,79.0
331,19,5.6,86.4,10.0,71.6
332,18,8.1,96.4,10.0,62.5
333,23,9.5,99.3,3.0,99.4
334,21,7.7,67.9,9.0,58.1
335,22,7.5,65.4,10.0,56.7
336,22,8.4,62.3,7.0,91.9
337,20,5.0,94.7,5.0,40.2
338,24,8.3,71.8,6.0,52.1
339,18,1.1,60.1,8.0,75.4
340,18,9.3,69.0,7.0,49.7
341,20,5.0,73.6,6.0,99.1
342,20,6.0,99.6,7.0,67.9
343,20,3.3,80.9,3.0,75.8
344,21,7.7,68.2,3.0,49.6
345,23,1.7,73.4,8.0,57.4
346,18,8.9,73.2,5.0,76.9
347,21,8.5,60.8,9.0,73.0
348,20,2.9,65.4,10.0,87.1
349,18,8.3,87.8,8.0,56.2
350,21,8.1,64.8,9.0,79.2
351,23,6.7,69.2,6.0,57.5
352,21,4.4,74.0,10.0,75.2
353,23,3.4,90.3,7.0,76.3
354,20,3.1,83.3,8.0,47.3
355,23,3.9,87.6,9.0,72.9
356,18,9.1,82.7,4.0,40.7
357,20,1.7,87.3,4.0,70.1
358,18,8.5,60.1,5.0,81.9
359,22,4.1,97.2,9.0,44.4
360,19,5.7,64.4,8.0,96.3
361,23,8.2,76.2,6.0,67.5
362,19,9.0,90.8,4.0,96.3
363,19,4.1,77.4,5.0,46.4
364,23,5.2,97.9,8.0,97.0
365,20,4.7,78.7,5.0,46.6
366,22,1.1,95.0,6.0,67.7
367,18,3.7,92.4,4.0,96.3
368,21,5.1,99.2,10.0,54.0
369,18,4.7,97.1,4.0,42.1
370,21,7.5,95.9,4.0,87.6
371,18,4.5,89.3,9.0,75.8
372,23,5.4,74.7,3.0,70.8
373,22,4.9,64.2,9.0,42.1
374,21,7.7,87.5,4.0,79.2
375,24,8.8,99.1,7.0,50.3
376,20,5.8,89.1,3.0,95.9
377,18,8.1,97.1,10.0,81.1
378,18,3.7,92.2,8.0,82.4
379,21,5.9,66.5,9.0,54.0
380,20,4.1,70.0,3.0,92.8
381,20,4.7,73.7,3.0,72.3
382,23,7.6,66.7,9.0,91.4
383,24,8.9,83.3,9.0,56.3
384,23,2.1,99.0,3.0,85.3
385,23,6.7,90.5,5.0,74.5
386,23,6.2,76.9,10.0,42.9
387,23,2.1,60.2,7.0,64.3
388,23,2.9,72.5,6.0,51.0
389,22,3.8,81.1,4.0,61.6
390,20,2.5,73.0,10.0,63.0
391,23,3.2,64.4,9.0,68.5
392,20,3.4,77.7,3.0,76.0
393,20,4.0,70.1,6.0,74.3
394,19,7.7,96.4,9.0,42.3
395,22,6.1,64.1,5.0,85.0
396,23,9.9,62.0,6.0,97.0
397,18,4.7,60.2,3.0,60.9
398,21,7.8,73.1,10.0,50.8
399,24,8.8,86.4,8.0,72.4
400,18,7.1,89.2,10.0,82.3
401,22,4.7,78.1,10.0,80.7
402,21,7.8,87.4,7.0,76.7
403,22,2.8,74.4,6.0,48.8
404,20,3.9,86.7,9.0,90.2
405,21,5.9,61.6,3.0,65.5
406,20,6.2,75.6,9.0,53.3
407,18,1.2,,3.0,45.2
408,18,9.5,92.1,4.0,65.0
409,21,7.3,88.6,8.0,77.1
410,21,5.5,68.2,4.0,79.9
411,23,9.4,69.9,10.0,97.8
412,22,5.0,99.8,8.0,49.2
413,23,9.8,64.1,7.0,99.1
414,22,5.6,67.2,4.0,79.3
415,23,2.0,65.2,7.0,67.3
416,20,7.9,73.1,9.0,93.3
417,21,7.1,68.4,10.0,81.7
418,18,8.0,79.9,5.0,60.9
419,22,9.6,79.0,5.0,93.0
420,22,8.0,96.1,8.0,80.0
421,18,6.5,61.4,8.0,81.9
422,23,8.7,72.8,4.0,93.8
423,22,,83.9,5.0,66.9
424,24,4.7,84.2,6.0,79.4
425,20,9.0,79.2,6.0,84.7
426,21,3.0,92.6,9.0,67.2
427,18,7.4,62.5,6.0,45.0
428,21,8.9,92.6,9.0,86.3
429,24,7.6,79.8,5.0,42.9
430,22,7.3,65.4,6.0,83.1
431,22,7.8,95.4,7.0,94.7
432,24,5.2,86.0,3.0,60.8
433,18,8.9,66.5,8.0,46.1
434,20,2.8,61.3,10.0,54.0
435,19,2.1,65.6,4.0,73.7
436,18,3.6,84.4,9.0,96.6
437,19,5.8,,7.0,70.7
438,24,5.6,69.0,6.0,46.8
439,23,8.4,61.0,10.0,77.7
440,19,,88.9,10.0,84.0
441,20,5.4,92.4,3.0,63.6
442,23,1.1,91.9,4.0,83.3
443,19,4.7,65.1,7.0,59.5
444,24,6.8,96.1,4.0,87.3
445,23,1.1,86.9,9.0,60.5
446,24,3.5,95.9,9.0,55.4
447,19,2.9,77.9,8.0,92.8
448,24,1.4,77.5,5.0,72.9
449,20,5.3,91.4,9.0,57.1
450,19,2.6,63.7,6.0,96.1
451,19,7.7,80.8,10.0,81.5
452,19,8.6,93.5,7.0,53.2
453,18,5.9,93.2,7.0,76.9
454,18,9.8,98.2,3.0,92.2
455,18,5.1,87.9,10.0,81.8
456,20,5.6,68.3,3.0,54.7
457,23,9.9,60.8,3.0,78.9
458,24,3.1,79.2,10.0,77.1
459,22,9.5,80.5,4.0,89.3
460,19,1.4,69.6,6.0,50.7
461,24,5.0,65.0,4.0,82.0
462,19,1.6,83.4,6.0,41.6
463,20,7.6,90.6,,81.8
464,19,6.5,99.7,9.0,97.6
465,18,7.4,90.3,9.0,50.5
466,22,4.4,91.7,,58.7
467,21,4.3,84.7,4.0,75.0
468,19,1.4,99.4,4.0,83.9
469,24,4.1,85.6,5.0,60.7
470,18,9.4,,8.0,79.9
471,21,4.4,97.8,10.0,94.0
472,22,8.5,97.2,6.0,83.6
473,21,8.6,75.3,9.0,82.7
474,18,4.4,63.1,6.0,62.9
475,23,6.7,66.9,4.0,94.7
476,23,1.9,62.4,5.0,56.6
477,21,1.9,64.2,4.0,52.3
478,20,1.4,67.4,6.0,61.9
479,24,6.2,73.6,8.0,79.0
480,24,4.8,81.7,9.0,91.7
481,21,,88.5,8.0,47.9
482,19,5.7,68.4,10.0,88.8
483,19,4.2,86.9,7.0,88.8
484,24,7.1,,5.0,75.2
485,24,7.8,82.3,8.0,85.6
486,23,1.1,96.1,5.0,50.9
487,20,2.9,64.4,4.0,50.2
488,18,7.4,67.1,7.0,91.8
489,19,4.5,77.1,6.0,69.9
490,24,7.0,65.1,8.0,54.8
491,23,4.1,82.7,8.0,81.3
492,22,4.5,75.9,3.0,93.5
493,23,2.4,71.4,9.0,77.9
494,19,3.3,66.8,6.0,60.8
495,19,6.4,73.4,8.0,69.0
496,23,4.9,84.3,8.0,85.1
497,18,8.0,83.0,6.0,44.1
498,21,8.7,66.5,7.0,53.0
499,19,5.9,65.0,5.0,67.8
500,23,7.8,61.1,6.0,76.3
501,24,3.8,60.5,5.0,60.3
502,23,4.7,95.2,7.0,57.9
503,20,7.4,,7.0,42.5
504,21,4.5,89.2,10.0,42.0
505,22,6.3,94.9,4.0,56.7
506,18,2.7,63.9,3.0,71.8
507,22,6.4,77.5,,73.4
508,21,8.8,98.5,10.0,69.6
509,21,8.8,93.4,10.0,64.6
510,21,,,10.0,55.1
511,22,7.7,90.5,7.0,64.0
512,24,6.0,93.3,5.0,48.3
513,21,6.3,73.9,7.0,46.9
514,23,2.2,95.7,6.0,58.0
515,22,5.0,78.8,4.0,99.7
516,21,5.1,81.1,4.0,59.6
517,23,9.6,100.0,6.0,96.2
518,24,4.9,93.7,8.0,63.5
519,20,5.9,74.5,7.0,66.3
520,24,5.8,60.4,9.0,87.8
521,21,6.7,85.0,,45.6
522,22,7.7,88.2,10.0,50.9
523,19,3.0,86.0,7.0,98.4
524,21,5.8,98.7,4.0,70.4
525,19,8.4,94.5,3.0,42.7
526,23,5.2,78.0,9.0,42.8
527,20,,62.5,8.0,94.4
528,18,6.9,79.0,5.0,92.4
529,24,8.4,87.6,5.0,67.5
530,20,1.6,84.3,9.0,49.8
531,21,8.0,81.5,7.0,89.8
532,19,8.4,78.8,7.0,59.5
533,24,5.2,,3.0,65.1
534,19,9.8,71.1,3.0,80.9
535,22,8.1,80.0,8.0,
536,19,8.0,66.4,7.0,77.7
537,22,7.7,73.6,4.0,93.1
538,23,2.4,73.0,5.0,87.8
539,24,3.0,83.5,8.0,62.9
540,24,5.2,62.7,10.0,57.3
541,18,3.4,93.2,3.0,57.1
542,21,4.7,82.5,10.0,60.9
543,22,9.0,86.8,4.0,69.6
544,18,8.4,88.1,7.0,65.0
545,19,6.7,71.7,6.0,48.0
546,19,8.7,78.8,3.0,49.8
547,18,8.1,98.2,8.0,60.6
548,24,4.9,90.7,6.0,73.7
549,19,2.8,98.8,4.0,75.6
550,23,5.6,89.9,10.0,69.2
551,23,7.6,67.0,9.0,84.3
552,18,4.9,,5.0,84.2
553,22,7.0,83.1,9.0,65.7
554,22,1.8,74.3,9.0,47.5
555,18,7.7,71.0,9.0,71.8
556,22,8.3,92.3,4.0,62.9
557,24,7.4,74.7,5.0,48.3
558,24,9.7,72.7,4.0,98.9
559,22,8.4,94.0,9.0,62.2
560,23,9.1,93.9,3.0,77.5
561,22,9.4,74.3,9.0,69.4
562,24,8.2,93.3,3.0,48.6
563,20,7.1,94.0,8.0,43.3
564,21,1.1,77.0,9.0,77.5
565,19,5.2,62.7,6.0,54.8
566,20,6.1,60.1,4.0,54.6
567,22,3.7,80.9,9.0,97.4
568,23,3.9,73.8,4.0,67.7
569,18,9.7,99.9,10.0,41.8
570,22,9.0,90.9,9.0,60.4
571,23,8.6,90.5,6.0,75.1
572,21,4.7,98.2,9.0,59.7
573,22,1.1,95.5,7.0,41.6
574,24,1.7,72.7,8.0,66.7
575,18,3.8,66.6,10.0,46.4
576,23,1.1,89.8,4.0,77.1
577,23,1.2,75.1,10.0,77.2
578,23,9.2,78.9,8.0,42.3
579,21,7.4,85.2,4.0,57.4
580,22,3.8,96.3,4.0,64.8
581,21,2.2,76.8,7.0,73.0
582,19,5.6,91.3,9.0,57.8
583,19,1.0,70.7,3.0,57.3
584,22,9.4,87.9,8.0,99.0
585,24,4.7,60.1,6.0,42.5
586,21,4.6,94.9,8.0,99.3
587,18,4.5,61.2,9.0,42.9
588,23,1.6,88.5,7.0,57.3
589,23,6.7,61.9,5.0,69.6
590,22,7.6,70.6,10.0,48.6
591,24,7.1,79.9,,48.1
592,19,2.2,76.8,7.0,55.4
593,19,6.2,67.7,10.0,98.4
594,23,6.1,73.4,9.0,62.8
595,22,8.8,89.1,7.0,74.0
596,21,4.4,86.8,3.0,82.3
597,19,,62.9,8.0,84.5
598,21,6.6,89.9,9.0,81.3
599,24,6.7,62.1,10.0,60.2
600,19,5.2,81.7,8.0,46.7
601,19,5.0,70.4,5.0,56.9
602,20,5.4,83.5,9.0,52.6
603,19,8.7,70.5,6.0,48.2
604,18,5.2,99.4,8.0,41.5
605,22,9.5,72.4,4.0,96.1
606,22,5.5,69.7,10.0,95.3
607,21,9.5,71.1,4.0,43.0
608,24,8.5,95.9,3.0,50.4
609,19,4.3,85.4,10.0,48.4
610,18,8.8,89.2,9.0,56.9
611,21,2.0,96.7,10.0,52.2
612,20,9.3,96.5,3.0,96.8
613,21,6.7,89.6,10.0,45.1
614,21,1.5,67.9,9.0,52.7
615,19,6.8,93.7,5.0,44.8
616,20,9.8,68.2,6.0,98.8
617,21,1.6,89.7,6.0,95.1
618,18,6.0,87.4,7.0,83.0
619,18,7.7,90.4,3.0,65.6
620,22,8.3,81.3,9.0,51.4
621,20,4.7,85.5,8.0,53.3
622,20,2.8,98.1,4.0,66.6
623,22,1.4,64.0,8.0,86.1
624,21,6.2,72.4,,55.9
625,20,5.1,84.5,5.0,58.6
626,18,9.5,98.6,4.0,76.0
627,18,1.5,63.8,8.0,54.3
628,19,7.2,60.9,10.0,75.1
629,20,1.2,62.2,8.0,63.2
630,21,2.5,62.1,6.0,42.1
631,22,5.1,96.3,9.0,64.2
632,22,5.1,88.9,6.0,95.2
633,21,7.2,87.1,3.0,57.6
634,24,9.2,80.9,10.0,59.4
635,23,6.8,91.3,8.0,44.0
636,19,,66.2,10.0,76.9
637,22,8.9,75.7,10.0,91.0
638,20,6.3,79.6,,61.2
639,19,8.5,64.4,5.0,54.4
640,20,6.8,76.8,4.0,97.4
641,24,1.7,72.7,3.0,84.7
642,18,7.7,61.4,7.0,74.0
643,19,1.9,65.5,10.0,58.3
644,22,6.3,90.6,7.0,53.2
645,19,7.3,60.7,9.0,82.9
646,19,1.6,97.4,4.0,71.3
647,19,3.1,63.5,4.0,71.2
648,23,9.2,92.0,9.0,44.4
649,19,6.5,95.9,4.0,70.7
650,20,3.2,97.6,6.0,89.4
651,18,7.2,94.7,4.0,96.8
652,24,6.4,71.5,7.0,46.4
653,21,5.5,73.3,4.0,77.9
654,19,9.8,77.1,8.0,74.1
655,22,7.2,65.6,9.0,93.4
656,19,4.4,60.9,5.0,85.1
657,22,8.2,94.8,7.0,97.9
658,20,9.0,82.2,5.0,97.6
659,22,2.1,84.3,7.0,53.5
660,21,2.8,97.1,10.0,83.5
661,18,2.9,86.6,3.0,71.8
662,22,7.2,87.6,8.0,52.9
663,22,6.4,91.5,7.0,51.7
664,18,6.6,64.7,10.0,44.9
665,21,9.5,74.4,8.0,87.7
666,19,8.0,98.7,7.0,59.5
667,22,2.2,96.9,5.0,91.4
668,18,4.1,95.4,5.0,76.5
669,20,4.9,78.1,9.0,80.4
670,18,4.6,94.3,7.0,57.5
671,20,7.0,61.9,7.0,67.4
672,21,9.0,65.9,6.0,64.7
673,19,3.8,76.6,8.0,54.1
674,18,6.0,79.3,8.0,90.0
675,24,8.1,70.5,8.0,77.3
676,24,4.7,74.3,8.0,42.2
677,23,2.5,66.5,3.0,89.2
678,22,5.3,79.6,3.0,46.4
679,21,1.5,91.8,10.0,64.2
680,18,9.5,86.5,4.0,74.3
681,24,1.7,64.3,7.0,40.5
682,22,4.9,79.5,7.0,79.2
683,24,5.8,87.9,7.0,79.6
684,18,9.9,81.2,7.0,79.2
685,20,2.5,75.7,8.0,49.8
686,18,2.0,84.9,8.0,55.3
687,23,1.1,98.7,3.0,54.8
688,18,2.4,63.8,5.0,97.6
689,18,2.9,75.6,6.0,44.1
690,23,6.7,76.3,8.0,65.7
691,21,3.0,83.1,8.0,92.3
692,18,1.2,66.1,9.0,86.2
693,23,8.4,67.1,8.0,89.3
694,22,4.3,71.4,5.0,98.3
695,20,4.2,98.2,5.0,63.2
696,20,3.7,89.4,3.0,58.6
697,18,9.8,86.5,8.0,41.8
698,21,,92.7,,49.0
699,21,9.1,65.1,9.0,73.7
700,22,8.0,94.4,6.0,49.5
701,18,1.7,83.8,7.0,84.2
702,20,9.9,73.4,8.0,42.2
703,21,3.4,92.6,3.0,55.6
704,18,1.9,92.1,3.0,81.7
705,24,8.5,93.8,10.0,55.3
706,21,7.4,64.6,6.0,83.7
707,23,6.6,98.8,9.0,99.8
708,24,2.4,98.4,4.0,87.8
709,21,5.3,74.3,3.0,60.5
710,20,8.0,62.6,5.0,94.0
711,19,3.7,66.7,5.0,43.1
712,24,3.8,99.7,7.0,83.5
713,22,1.0,82.5,3.0,41.4
714,22,2.6,74.3,9.0,50.5
715,20,8.9,71.5,7.0,
716,21,5.0,70.3,3.0,61.7
717,18,9.9,86.6,6.0,89.2
718,21,4.6,76.8,8.0,62.6
719,20,7.4,98.6,9.0,90.4
720,22,3.5,87.4,3.0,97.9
721,21,4.3,91.7,9.0,66.1
722,22,2.7,71.7,4.0,73.6
723,24,4.1,63.2,9.0,77.7
724,18,5.9,79.5,9.0,96.1
725,24,9.9,72.6,5.0,55.4
726,22,7.0,68.1,6.0,76.7
727,22,2.8,98.1,8.0,59.5
728,19,1.4,77.8,8.0,53.0
729,19,2.1,67.0,5.0,45.1
730,24,6.1,67.9,9.0,77.2
731,23,7.9,71.2,8.0,92.9
732,24,9.5,100.0,7.0,61.1
733,19,1.1,70.7,6.0,73.2
734,22,5.7,73.2,4.0,78.5
735,20,5.2,86.4,5.0,64.9
736,24,6.9,71.8,3.0,94.2
737,22,6.0,68.6,3.0,61.8
738,20,7.2,66.3,3.0,47.5
739,20,6.9,72.5,10.0,48.6
740,19,2.1,64.2,6.0,93.5
741,24,8.2,60.7,4.0,99.3
742,21,2.1,92.2,8.0,57.3
743,18,7.3,65.5,4.0,48.6
744,19,4.7,91.0,4.0,68.9
745,19,5.6,91.9,5.0,82.6
746,21,9.1,81.5,6.0,76.7
747,18,9.0,72.4,3.0,97.1
748,22,8.4,65.8,5.0,89.1
749,23,5.6,89.5,8.0,92.1
750,24,7.6,84.1,4.0,72.5
751,23,5.6,86.2,9.0,59.6
752,22,8.8,,3.0,82.1
753,19,4.6,97.1,10.0,66.3
754,18,9.7,62.7,6.0,57.3
755,19,9.4,74.7,7.0,49.1
756,20,7.7,76.1,10.0,71.7
757,19,3.5,60.1,4.0,75.7
758,19,2.2,79.9,4.0,74.1
759,22,8.7,90.1,4.0,47.0
760,22,2.5,92.9,4.0,74.2
761,22,8.7,95.2,3.0,50.1
762,23,5.4,79.5,6.0,79.8
763,20,4.7,85.2,10.0,65.8
764,22,9.1,63.2,,90.9
765,18,6.4,79.5,3.0,86.7
766,23,6.2,66.2,6.0,83.5
767,21,6.0,74.8,10.0,82.0
768,18,4.3,73.2,5.0,73.6
769,24,8.1,76.9,4.0,43.7
770,24,3.3,82.9,6.0,79.3
771,18,9.5,96.1,4.0,68.0
772,22,9.0,75.8,9.0,68.2
773,21,4.0,99.2,6.0,62.7
774,21,7.6,90.4,8.0,95.7
775,23,6.2,80.5,7.0,55.0
776,21,,85.8,4.0,59.0
777,24,9.9,64.1,4.0,97.8
778,20,1.2,93.8,4.0,88.6
779,22,3.3,83.3,8.0,40.8
780,21,5.7,99.4,3.0,
781,23,5.7,85.5,5.0,53.6
782,24,,93.4,,82.4
783,20,7.8,92.0,4.0,73.2
784,19,6.6,73.8,10.0,72.2
785,19,6.4,70.4,10.0,83.1
786,20,1.5,77.2,3.0,52.4
787,24,4.4,78.7,3.0,49.5
788,23,3.1,69.6,7.0,79.1
789,20,3.4,95.8,6.0,57.4
790,22,6.0,81.7,4.0,98.4
791,22,2.8,99.1,6.0,67.1
792,19,3.6,92.4,9.0,46.7
793,21,3.1,82.2,3.0,81.1
794,23,9.5,97.9,3.0,58.4
795,19,9.5,80.2,7.0,48.9
796,21,6.5,95.5,5.0,65.4
797,21,9.3,74.3,8.0,97.9
798,22,8.1,75.1,8.0,64.7
799,24,6.3,76.7,8.0,60.8
800,18,1.1,81.9,3.0,66.7
801,24,8.0,82.1,4.0,40.7
802,18,7.3,79.9,10.0,48.0
803,20,6.5,72.2,7.0,91.0
804,22,7.8,97.1,5.0,98.7
805,21,5.6,83.5,9.0,49.5
806,23,7.3,76.3,8.0,72.1
807,18,9.4,86.0,7.0,98.0
808,24,4.4,90.7,10.0,49.4
809,21,7.4,98.4,10.0,51.2
810,18,5.3,80.0,3.0,95.6
811,18,7.1,64.5,8.0,82.3
812,18,,77.6,5.0,49.1
813,23,1.4,79.2,9.0,63.6
814,22,6.8,95.9,6.0,43.4
815,23,3.0,75.8,10.0,66.0
816,19,7.0,98.1,10.0,86.7
817,21,5.2,79.4,9.0,73.2
818,22,8.0,99.0,10.0,78.8
819,22,2.1,60.3,5.0,59.6
820,22,6.6,96.0,9.0,49.7
821,24,3.5,97.2,4.0,40.8
822,22,8.7,98.4,8.0,89.3
823,23,9.4,60.5,8.0,78.2
824,22,10.0,66.9,6.0,53.8
825,20,8.2,86.2,9.0,65.1
826,21,7.8,61.0,6.0,88.1
827,22,2.9,62.5,9.0,72.3
828,21,4.0,68.8,8.0,58.0
829,20,5.2,80.5,4.0,56.0
830,20,,,10.0,53.1
831,21,9.2,61.4,9.0,89.4
832,18,2.7,66.8,6.0,74.9
833,19,9.3,80.0,3.0,82.5
834,24,7.3,83.8,10.0,91.6
835,18,6.5,65.9,8.0,99.2
836,18,2.8,76.0,5.0,55.0
837,23,1.5,96.2,5.0,50.9
838,24,6.1,100.0,10.0,67.7
839,24,6.9,99.5,4.0,42.1
840,18,2.9,95.3,3.0,87.5
841,22,6.0,75.8,6.0,93.0
842,23,8.7,87.5,9.0,81.2
843,23,8.5,76.7,8.0,56.1
844,20,9.3,85.9,5.0,47.4
845,24,4.3,72.4,5.0,62.9
846,18,3.9,,5.0,90.0
847,20,7.7,81.0,5.0,60.9
848,21,4.9,61.0,7.0,42.1
849,19,1.8,91.6,4.0,56.5
850,23,3.5,60.5,6.0,99.4
851,21,4.8,71.7,8.0,80.6
852,21,3.6,60.2,8.0,94.1
853,22,4.0,75.0,8.0,86.5
854,19,3.6,62.5,6.0,72.4
855,21,1.4,96.5,4.0,48.9
856,21,6.7,76.6,10.0,60.9
857,19,6.4,78.4,10.0,75.0
858,19,6.9,74.0,3.0,92.2
859,21,2.7,85.1,9.0,56.1
860,19,3.7,91.4,10.0,47.3
861,21,6.6,85.9,9.0,73.5
862,21,6.4,89.9,4.0,50.6
863,22,5.6,96.2,5.0,76.6
864,18,4.2,94.5,9.0,55.8
865,21,9.2,87.0,5.0,53.9
866,20,,68.6,4.0,64.0
867,23,5.1,85.5,4.0,75.6
868,24,7.1,80.2,6.0,72.7
869,18,5.9,88.7,6.0,54.7
870,18,4.1,93.3,7.0,93.5
871,18,4.9,89.7,8.0,46.6
872,22,8.2,93.9,7.0,42.4
873,21,3.5,62.6,8.0,76.2
874,22,2.3,61.3,5.0,47.4
875,21,3.8,70.3,7.0,70.3
876,22,8.6,96.0,7.0,97.1
877,22,1.8,92.9,3.0,81.9
878,23,9.9,87.3,4.0,77.0
879,20,5.9,88.0,6.0,74.5
880,22,9.9,89.1,7.0,50.8
881,23,9.5,97.7,6.0,66.0
882,19,5.1,93.3,8.0,60.6
883,20,2.8,84.9,7.0,97.2
884,22,,86.6,8.0,54.5
885,24,3.2,68.5,10.0,68.3
886,18,7.4,86.3,10.0,96.3
887,19,3.5,77.0,7.0,87.4
888,19,4.1,66.1,10.0,97.9
889,23,5.0,92.3,9.0,76.5
890,19,9.2,80.4,5.0,60.0
891,20,2.7,99.1,3.0,89.6
892,22,1.0,71.3,8.0,57.5
893,22,1.5,,4.0,49.9
894,24,9.1,77.9,4.0,82.4
895,18,6.8,,5.0,78.3
896,23,3.5,77.0,10.0,92.7
897,18,2.6,71.5,5.0,97.7
898,19,3.6,66.4,10.0,91.4
899,24,2.0,71.3,,43.6
900,18,9.5,69.3,4.0,79.9
901,20,8.1,89.4,8.0,87.1
902,22,5.2,61.2,4.0,98.9
903,19,8.8,84.7,3.0,62.5
904,24,3.2,90.4,7.0,50.2
905,18,7.5,79.2,10.0,91.2
906,23,8.7,97.3,3.0,59.0
907,20,4.2,88.3,9.0,75.9
908,20,7.8,89.9,9.0,63.4
909,18,3.7,67.9,,64.1
910,22,3.7,91.1,10.0,83.9
911,18,2.0,93.3,4.0,
912,19,5.0,74.5,7.0,81.6
913,18,7.6,68.5,4.0,40.9
914,20,9.5,75.4,3.0,59.5
915,24,6.4,89.6,3.0,59.1
916,18,8.8,76.7,10.0,84.9
917,22,8.4,89.5,8.0,58.9
918,24,2.6,64.5,8.0,78.0
919,23,5.4,92.2,3.0,81.3
920,21,2.1,70.1,7.0,79.5
921,18,7.1,70.0,10.0,76.2
922,22,9.5,83.6,9.0,64.8
923,24,2.2,62.8,8.0,62.4
924,22,7.6,61.1,8.0,73.9
925,23,6.7,70.4,6.0,
926,20,6.3,81.5,6.0,92.5
927,22,4.5,96.3,8.0,89.5
928,24,4.2,93.9,4.0,60.8
929,22,1.4,79.6,7.0,74.0
930,22,3.0,61.5,5.0,95.9
931,22,1.1,81.4,8.0,56.3
932,19,6.2,88.2,6.0,84.5
933,19,2.0,73.6,7.0,45.0
934,20,8.9,64.4,7.0,71.4
935,18,5.7,71.1,6.0,93.0
936,22,7.3,90.9,10.0,73.1
937,23,4.7,74.0,7.0,77.0
938,18,6.0,92.5,10.0,94.5
939,23,9.5,72.8,7.0,82.9
940,18,1.7,66.5,6.0,81.8
941,20,3.3,77.4,3.0,75.2
942,22,8.0,78.1,,78.0
943,22,1.9,60.6,4.0,88.2
944,21,1.7,64.7,10.0,98.8
945,23,4.3,67.4,5.0,87.7
946,18,1.8,64.5,4.0,82.5
947,18,6.3,73.7,3.0,48.1
948,19,3.0,98.6,9.0,89.0
949,21,9.1,80.4,3.0,84.2
950,24,8.1,85.1,7.0,86.2
951,24,7.3,74.3,4.0,53.9
952,19,6.6,72.9,10.0,94.2
953,19,8.8,60.9,10.0,45.8
954,19,3.0,80.0,3.0,55.2
955,23,8.9,79.3,4.0,79.8
956,23,8.1,66.3,3.0,80.4
957,20,7.7,90.6,5.0,58.8
958,20,6.1,79.7,3.0,82.1
959,19,3.2,73.6,4.0,63.3
960,21,4.8,65.9,7.0,40.0
961,18,8.1,82.1,4.0,49.8
962,23,1.3,90.1,6.0,93.0
963,21,8.0,71.3,4.0,53.4
964,22,3.2,68.8,5.0,46.8
965,23,2.3,80.9,8.0,80.9
966,23,2.0,66.2,5.0,66.4
967,20,1.2,86.7,5.0,87.8
968,18,5.7,84.2,3.0,91.7
969,18,3.0,63.5,5.0,90.8
970,24,9.9,61.5,4.0,58.8
971,24,6.2,84.8,10.0,70.3
972,24,2.2,71.8,8.0,79.0
973,24,7.2,63.5,10.0,59.3
974,22,9.1,90.4,9.0,42.5
975,22,7.7,72.6,7.0,69.7
976,23,1.7,78.4,9.0,40.8
977,19,9.1,69.5,5.0,97.0
978,20,8.1,85.1,10.0,87.8
979,20,2.4,72.1,4.0,51.5
980,24,1.5,98.7,3.0,57.3
981,23,6.0,88.1,3.0,99.0
982,21,2.4,65.5,7.0,62.4
983,19,8.5,76.7,7.0,87.0
984,23,4.2,75.4,4.0,66.8
985,19,9.2,81.4,7.0,91.8
986,19,6.1,93.7,10.0,82.2
987,19,2.6,83.3,10.0,41.4
988,23,2.3,62.5,7.0,57.7
989,24,6.2,86.2,3.0,73.5
990,20,7.9,60.3,4.0,95.6
991,20,8.0,91.2,8.0,46.1
992,24,3.5,86.7,7.0,76.1
993,19,2.8,,4.0,58.1
994,21,1.2,71.7,5.0,93.4
995,18,7.1,91.9,3.0,85.9
996,23,1.7,91.3,8.0,62.2
997,18,4.8,74.1,10.0,50.0
998,24,6.4,72.0,3.0,40.7
999,21,9.4,82.4,3.0,77.3
1000,23,3.8,60.3,10.0,64.4
1001,24,,63.3,6.0,58.9
1002,19,6.9,65.0,4.0,99.1
1003,20,6.6,67.4,10.0,68.0
1004,18,4.0,80.5,5.0,85.0
1005,22,9.4,99.7,7.0,50.6
1006,22,8.6,86.1,5.0,40.8
1007,21,3.0,62.5,4.0,65.1
1008,19,3.2,81.0,10.0,79.9
1009,18,5.6,79.9,3.0,70.4
1010,19,8.0,65.8,10.0,93.4
1011,18,1.4,96.8,6.0,66.0
1012,21,7.2,77.6,4.0,58.7
1013,21,6.8,99.8,8.0,95.0
1014,22,3.1,76.8,8.0,64.4
1015,19,7.1,84.3,4.0,56.2
1016,23,9.5,64.2,7.0,45.9
1017,22,1.4,78.2,5.0,87.6
1018,19,3.9,69.6,5.0,89.5
1019,22,4.9,93.4,7.0,42.0
1020,23,9.1,91.4,6.0,61.5
1021,20,9.7,93.0,3.0,85.0
1022,20,5.0,88.9,9.0,96.8
1023,20,7.8,93.3,9.0,62.7
1024,20,5.8,68.0,3.0,92.3
1025,24,5.8,78.1,8.0,63.6
1026,18,3.5,87.7,6.0,50.8
1027,24,3.0,85.5,7.0,40.2
1028,24,3.6,88.7,9.0,59.8
1029,24,6.0,69.0,4.0,62.7
1030,20,1.3,63.9,10.0,96.7
1031,23,9.2,96.7,5.0,52.4
1032,21,2.4,82.4,10.0,62.9
1033,21,3.0,66.2,4.0,41.5
1034,18,5.7,91.7,5.0,85.8
1035,20,7.4,96.6,4.0,94.9
1036,20,1.9,66.8,7.0,54.3
1037,20,3.9,92.7,7.0,65.7
1038,22,9.7,97.3,6.0,47.3
1039,19,3.4,97.5,4.0,67.4
1040,22,3.8,96.6,4.0,48.0
1041,19,8.5,81.9,6.0,71.4
1042,20,1.5,74.2,6.0,84.1
1043,20,5.2,60.3,10.0,73.2
1044,22,4.4,62.4,7.0,54.7
1045,22,3.8,77.2,10.0,61.2
1046,19,3.6,76.0,7.0,78.3
1047,21,1.8,67.4,10.0,75.4
1048,19,3.8,75.8,8.0,48.2
1049,22,1.4,67.0,4.0,90.7
1050,23,8.0,94.0,10.0,68.5
1051,22,4.6,71.9,10.0,49.7
1052,23,5.0,83.9,7.0,47.4
1053,18,9.0,80.1,9.0,97.9
1054,22,6.9,62.1,7.0,56.9
1055,18,1.1,97.7,4.0,94.5
1056,21,9.5,81.1,6.0,64.6
1057,19,3.1,73.0,4.0,63.2
1058,23,2.0,66.3,9.0,82.1
1059,19,7.9,73.5,3.0,40.6
1060,18,5.5,60.8,4.0,60.3
1061,23,4.9,74.5,3.0,58.2
1062,19,3.2,81.3,10.0,92.1
1063,22,5.9,94.9,4.0,71.7
1064,20,3.5,87.5,9.0,61.9
1065,18,9.1,64.5,3.0,56.0
1066,19,2.9,65.9,3.0,75.4
1067,18,9.0,77.1,9.0,49.1
1068,24,6.0,67.8,4.0,54.8
1069,18,8.5,61.1,8.0,57.6
1070,23,7.4,92.2,7.0,76.5
1071,24,7.3,60.8,5.0,62.4
1072,23,3.9,93.2,7.0,70.3
1073,20,3.1,65.8,3.0,79.0
1074,24,2.9,99.0,10.0,97.4
1075,22,8.7,84.2,4.0,85.9
1076,18,8.4,89.4,4.0,64.3
1077,19,5.0,64.4,10.0,84.9
1078,21,2.2,94.5,4.0,97.0
1079,18,4.4,93.6,4.0,70.0
1080,18,6.6,86.1,8.0,64.6
1081,20,5.1,80.1,5.0,44.7
1082,22,8.0,88.9,6.0,93.5
1083,21,10.0,60.2,3.0,54.8
1084,24,2.7,83.7,5.0,43.8
1085,24,5.1,93.9,7.0,72.2
1086,24,4.9,74.3,6.0,90.8
1087,23,3.7,64.3,6.0,64.4
1088,23,2.8,76.8,10.0,87.0
1089,19,1.6,89.1,4.0,90.2
1090,21,9.0,64.3,5.0,67.3
1091,24,4.8,68.2,10.0,75.5
1092,23,5.5,65.9,7.0,72.0
1093,19,9.3,91.9,,96.4
1094,22,8.0,62.5,4.0,83.5
1095,19,2.2,87.5,9.0,95.5
1096,23,6.1,74.7,9.0,53.2
1097,20,5.0,90.2,9.0,58.6
1098,20,8.2,98.6,8.0,44.3
1099,24,7.5,64.6,10.0,70.0
1100,20,7.2,72.6,3.0,92.4
1101,24,4.1,92.4,6.0,59.6
1102,24,8.2,70.6,7.0,47.7
1103,23,1.5,68.6,6.0,44.1
1104,20,2.4,93.0,5.0,66.9
1105,24,4.0,99.5,3.0,49.8
1106,21,1.7,82.3,4.0,60.8
1107,22,3.1,71.1,3.0,89.2
1108,19,8.5,75.9,4.0,63.0
1109,19,9.5,66.8,10.0,76.6
1110,23,3.7,90.5,9.0,70.1
1111,20,3.4,90.9,3.0,83.1
1112,20,3.5,95.0,4.0,49.4
1113,24,3.5,61.1,6.0,95.2
1114,18,1.3,82.5,9.0,78.6
1115,24,9.3,68.6,9.0,56.3
1116,22,2.9,73.6,9.0,47.4
1117,21,4.8,91.4,6.0,49.0
1118,19,1.1,67.7,6.0,87.0
1119,24,8.7,85.5,6.0,75.3
1120,18,7.6,86.2,9.0,62.8
1121,18,9.5,98.2,3.0,60.0
1122,24,8.0,91.0,4.0,91.3
1123,23,3.8,92.1,6.0,92.5
1124,19,3.2,81.3,3.0,74.9
1125,23,7.3,67.5,4.0,71.5
1126,21,4.3,77.0,9.0,89.0
1127,18,6.1,82.0,3.0,85.0
1128,18,1.1,87.1,9.0,64.0
1129,22,1.6,84.3,8.0,45.0
1130,21,5.8,75.8,6.0,86.1
1131,18,6.1,70.6,5.0,50.1
1132,21,7.8,66.7,3.0,41.0
1133,19,2.2,87.8,6.0,90.6
1134,20,5.6,85.8,7.0,74.7
1135,18,2.8,87.5,4.0,93.5
1136,22,1.8,74.9,8.0,69.1
1137,19,4.7,70.5,6.0,95.6
1138,24,2.5,90.4,7.0,61.2
1139,21,3.0,90.9,3.0,83.5
1140,24,3.9,78.2,3.0,58.1
1141,23,,84.5,7.0,40.1
1142,19,1.8,74.9,8.0,62.8
1143,24,1.8,88.1,,84.3
1144,18,2.7,93.4,4.0,49.0
1145,21,1.5,87.5,3.0,70.3
1146,20,6.6,80.5,7.0,52.7
1147,19,3.6,78.3,5.0,44.5
1148,18,3.5,85.7,5.0,77.0
1149,22,4.0,87.2,7.0,97.1
1150,23,7.0,82.3,4.0,58.6
1151,21,8.8,85.0,3.0,74.8
1152,19,7.8,63.9,5.0,97.2
1153,19,7.5,98.1,7.0,79.0
1154,20,5.4,91.6,9.0,80.4
1155,20,7.2,,7.0,50.7
1156,22,6.0,82.5,6.0,69.6
1157,23,2.9,61.9,7.0,62.0
1158,22,2.9,61.6,4.0,68.3
1159,18,3.7,70.0,5.0,88.0
1160,18,9.2,87.6,6.0,67.6
1161,22,5.9,94.1,5.0,43.8
1162,23,7.6,82.4,5.0,94.3
1163,22,4.1,81.3,4.0,72.7
1164,23,4.7,76.1,7.0,95.5
1165,23,2.1,66.5,4.0,74.3
1166,24,2.5,64.7,7.0,44.2
1167,21,8.4,90.4,6.0,73.2
1168,23,6.3,97.1,4.0,74.5
1169,20,4.0,78.3,4.0,52.9
1170,23,8.2,86.4,9.0,68.3
1171,23,3.2,96.6,8.0,67.6
1172,23,9.8,63.6,3.0,77.4
1173,24,4.1,90.8,4.0,55.6
1174,24,4.0,84.7,8.0,74.9
1175,18,3.8,83.9,10.0,54.5
1176,24,2.1,71.7,3.0,66.8
1177,20,2.0,87.4,9.0,47.4
1178,20,6.8,91.8,7.0,42.2
1179,24,8.9,64.5,10.0,59.2
1180,22,8.1,81.3,7.0,56.5
1181,21,2.3,64.1,7.0,64.4
1182,24,5.9,94.9,8.0,97.7
1183,23,2.0,80.3,8.0,71.3
1184,19,1.4,92.3,3.0,73.2
1185,21,6.9,74.7,7.0,96.5
1186,21,5.8,65.0,5.0,95.3
1187,20,1.7,61.7,10.0,93.0
1188,21,1.3,71.3,4.0,45.9
1189,24,9.9,69.8,8.0,78.1
1190,23,1.3,82.4,8.0,88.5
1191,23,5.0,60.9,8.0,90.1
1192,18,5.5,80.8,3.0,74.7
1193,23,2.1,75.7,7.0,41.0
1194,23,2.5,83.1,5.0,98.4
1195,20,4.2,88.1,4.0,68.3
1196,23,7.9,85.4,4.0,63.6
1197,18,5.6,99.4,7.0,63.7
1198,19,6.7,65.5,5.0,65.4
1199,24,9.9,77.2,3.0,54.5
1200,20,7.9,77.0,8.0,59.6
1201,19,4.9,76.7,8.0,99.1
1202,20,5.0,86.6,10.0,62.1
1203,22,6.6,79.6,10.0,71.6
1204,21,7.0,80.7,10.0,90.9
1205,22,5.5,77.3,9.0,71.6
1206,23,6.8,99.7,7.0,59.5
1207,19,1.2,97.1,4.0,71.4
1208,23,4.9,72.3,8.0,46.8
1209,21,3.5,64.5,9.0,47.8
1210,20,2.2,93.6,4.0,81.6
1211,21,1.9,99.9,4.0,95.0
1212,18,6.4,,7.0,83.5
1213,21,5.7,74.3,6.0,44.5
1214,18,3.3,,10.0,64.2
1215,21,5.2,88.4,9.0,40.2
1216,24,5.4,71.8,6.0,70.7
1217,18,2.8,83.2,6.0,51.6
1218,19,6.9,97.8,9.0,92.1
1219,23,8.0,92.5,5.0,46.3
1220,23,8.1,89.7,10.0,40.1
1221,22,6.4,89.5,7.0,67.1
1222,23,5.6,67.1,9.0,49.3
1223,20,1.5,93.0,4.0,84.3
1224,24,3.6,71.0,9.0,95.2
1225,21,1.8,97.2,8.0,42.5
1226,22,9.7,74.6,9.0,63.7
1227,20,2.2,94.3,5.0,99.8
1228,20,2.4,70.6,10.0,84.0
1229,18,9.0,80.6,10.0,97.2
1230,23,9.5,64.3,6.0,49.8
1231,19,7.9,86.4,3.0,53.3
1232,19,1.0,93.4,10.0,49.3
1233,22,1.0,88.7,10.0,58.1
1234,24,4.4,80.9,5.0,83.5
1235,19,2.3,61.8,5.0,49.9
1236,21,1.2,97.3,7.0,71.5
1237,19,5.2,88.2,8.0,56.2
1238,22,9.5,89.8,5.0,89.8
1239,19,3.9,91.8,9.0,40.4
1240,21,7.0,89.9,8.0,53.4
1241,18,6.9,77.6,7.0,76.3
1242,24,3.3,89.3,9.0,45.8
1243,22,6.9,85.0,10.0,68.0
1244,18,2.9,94.2,3.0,66.2
1245,18,,92.1,4.0,91.2
1246,18,7.3,61.7,4.0,77.5
1247,20,2.0,75.2,6.0,78.4
1248,24,10.0,61.4,10.0,97.1
1249,23,2.7,64.1,6.0,98.9
1250,24,6.3,84.1,3.0,79.2
1251,20,4.7,95.0,4.0,71.3
1252,23,2.1,64.8,6.0,76.5
1253,24,1.3,78.0,10.0,62.9
1254,18,6.6,96.4,8.0,99.2
1255,22,8.3,92.6,5.0,82.3
1256,23,8.6,80.8,7.0,57.5
1257,21,5.3,90.9,9.0,43.5
1258,21,8.0,80.9,6.0,42.7
1259,19,7.1,66.3,3.0,52.3
1260,23,7.5,,9.0,54.0
1261,22,5.4,67.5,4.0,64.9
1262,20,6.7,74.0,10.0,52.9
1263,18,8.2,97.2,3.0,77.9
1264,19,4.6,92.0,7.0,52.7
1265,21,8.3,77.3,7.0,51.3
1266,20,6.3,79.7,3.0,68.3
1267,20,2.5,70.6,6.0,93.3
1268,18,1.2,88.2,6.0,68.1
1269,23,4.3,92.1,4.0,64.8
1270,21,5.9,69.6,8.0,74.7
1271,22,8.6,61.7,4.0,55.4
1272,20,2.1,85.0,5.0,61.2
1273,18,8.2,82.5,8.0,52.8
1274,22,8.8,76.1,10.0,74.3
1275,23,2.4,85.8,9.0,81.8
1276,21,8.7,82.0,10.0,80.4
1277,23,9.9,70.0,5.0,55.3
1278,20,7.5,75.9,4.0,86.8
1279,22,8.1,77.1,8.0,55.4
1280,22,9.9,95.2,8.0,49.0
1281,22,6.4,98.4,5.0,61.0
1282,20,3.8,95.7,10.0,75.9
1283,20,8.5,88.8,,48.5
1284,23,6.5,83.4,6.0,78.9
1285,19,6.2,87.6,8.0,91.8
1286,23,3.3,97.6,9.0,57.6
1287,21,7.8,70.0,9.0,67.0
1288,18,1.7,81.4,8.0,53.7
1289,22,9.3,87.6,5.0,61.7
1290,19,3.9,87.2,8.0,41.3
1291,18,2.1,70.1,10.0,97.2
1292,19,,83.5,5.0,65.0
1293,24,1.4,91.8,3.0,87.3
1294,23,7.2,79.0,9.0,48.6
1295,20,9.1,91.7,8.0,88.7
1296,22,8.5,74.4,7.0,91.6
1297,23,2.1,97.6,4.0,82.9
1298,18,2.1,81.4,9.0,94.2
1299,24,8.3,83.8,3.0,50.0
1300,24,9.3,61.3,7.0,68.6
1301,24,5.1,66.8,9.0,77.2
1302,18,5.5,85.3,3.0,75.8
1303,18,3.9,76.8,6.0,91.7
1304,18,9.0,80.3,3.0,52.9
1305,18,6.8,62.5,3.0,50.5
1306,24,3.6,93.4,6.0,55.2
1307,24,3.7,91.4,8.0,93.5
1308,19,9.0,67.4,4.0,96.5
1309,23,1.1,85.4,10.0,74.2
1310,22,3.9,92.7,7.0,70.1
1311,20,6.0,85.6,9.0,76.3
1312,24,2.3,72.4,10.0,77.0
1313,20,1.8,86.2,5.0,50.2
1314,23,8.3,,4.0,81.2
1315,23,9.0,72.7,10.0,67.1
1316,20,8.4,69.6,9.0,71.0
1317,24,9.1,82.3,3.0,41.8
1318,20,6.0,64.3,10.0,85.9
1319,19,8.3,97.3,5.0,90.1
1320,21,4.5,73.3,6.0,77.2
1321,24,7.0,68.8,10.0,84.9
1322,24,9.9,79.9,4.0,71.4
1323,22,3.0,71.1,8.0,77.1
1324,18,4.5,81.4,7.0,63.7
1325,21,5.3,73.9,4.0,87.5
1326,23,2.2,65.3,4.0,
1327,24,1.7,70.6,8.0,80.8
1328,20,8.5,77.5,5.0,77.3
1329,21,9.8,61.2,6.0,82.1
1330,22,4.6,90.8,8.0,87.1
1331,23,1.8,84.9,9.0,70.8
1332,18,1.6,84.1,6.0,88.8
1333,18,9.0,81.8,8.0,69.8
1334,22,5.2,83.6,4.0,97.4
1335,22,3.9,97.4,6.0,85.2
1336,20,,60.3,5.0,50.3
1337,24,3.9,61.9,5.0,89.8
1338,18,5.4,67.7,7.0,73.1
1339,23,8.7,66.7,6.0,99.1
1340,21,6.3,67.2,7.0,83.1
1341,23,7.3,86.9,9.0,45.1
1342,19,4.3,78.4,8.0,63.7
1343,19,7.6,99.7,3.0,71.0
1344,22,7.0,69.1,9.0,90.3
1345,20,2.1,72.4,5.0,83.8
1346,19,6.2,99.4,4.0,62.2
1347,18,3.3,93.3,10.0,79.2
1348,23,8.2,78.8,5.0,74.6
1349,23,4.8,82.2,3.0,47.6
1350,22,10.0,93.7,4.0,54.1
1351,24,1.8,79.2,6.0,60.5
1352,24,8.0,68.2,10.0,51.7
1353,21,7.1,93.1,6.0,49.0
1354,22,7.9,81.5,9.0,43.5
1355,21,3.8,66.1,10.0,92.4
1356,24,5.4,80.2,5.0,57.3
1357,22,8.2,76.5,4.0,57.4
1358,22,3.1,95.1,8.0,52.4
1359,22,3.0,65.0,10.0,68.5
1360,24,6.0,95.0,4.0,70.9
1361,21,5.7,80.5,7.0,
1362,21,3.5,76.2,,76.5
1363,22,3.7,66.5,9.0,83.4
1364,19,3.5,88.0,6.0,62.4
1365,20,7.9,97.1,5.0,75.1
1366,24,6.9,75.0,4.0,70.1
1367,20,8.5,69.7,6.0,51.7
1368,20,9.8,82.2,5.0,83.8
1369,21,5.3,91.8,10.0,88.1
1370,21,1.6,60.2,6.0,78.9
1371,19,1.4,85.3,5.0,59.4
1372,20,3.7,83.9,6.0,95.6
1373,20,9.4,72.7,8.0,67.3
1374,22,5.7,78.1,7.0,56.0
1375,21,3.4,69.9,3.0,64.5
1376,20,4.6,91.6,6.0,81.5
1377,23,6.4,85.4,3.0,90.8
1378,19,6.9,81.3,6.0,61.4
1379,23,2.4,75.7,9.0,54.0
1380,23,9.8,71.7,4.0,77.6
1381,24,5.9,92.9,7.0,95.3
1382,24,2.2,78.1,9.0,51.0
1383,19,9.0,80.1,8.0,88.2
1384,23,1.7,80.8,7.0,68.6
1385,20,9.2,77.9,3.0,88.0
1386,21,10.0,70.2,4.0,70.3
1387,19,7.3,64.8,5.0,62.6
1388,22,7.9,63.9,9.0,81.8
1389,23,4.0,90.3,7.0,94.0
1390,19,9.5,68.9,8.0,59.2
1391,18,5.8,62.2,9.0,67.6
1392,18,7.6,91.9,4.0,53.8
1393,24,9.3,66.2,4.0,51.0
1394,21,9.8,85.0,3.0,86.7
1395,20,8.5,73.5,8.0,52.0
1396,21,3.7,65.1,4.0,87.6
1397,21,9.7,76.6,10.0,65.8
1398,21,,60.6,4.0,99.7
1399,21,9.4,93.6,5.0,51.8
1400,22,7.1,80.5,3.0,45.6
1401,22,3.8,65.6,3.0,44.5
1402,24,4.3,69.5,8.0,90.1
1403,19,6.0,77.9,4.0,66.3
1404,18,8.1,67.6,5.0,40.2
1405,21,3.9,70.7,6.0,92.5
1406,24,6.2,81.4,7.0,92.6
1407,19,4.1,93.3,10.0,88.4
1408,18,8.3,76.1,9.0,54.9
1409,23,5.2,88.7,3.0,62.4
1410,20,1.7,95.1,5.0,84.7
1411,22,2.5,68.7,8.0,69.4
1412,23,1.5,92.3,5.0,49.2
1413,18,5.5,90.3,4.0,54.6
1414,23,2.0,74.3,10.0,98.4
1415,20,2.0,99.6,,49.1
1416,24,9.5,70.5,3.0,83.6
1417,18,8.9,70.2,6.0,68.7
1418,23,5.1,90.9,4.0,84.9
1419,22,9.9,77.4,3.0,79.7
1420,22,1.0,73.2,9.0,66.4
1421,19,6.5,67.1,8.0,61.2
1422,23,6.5,90.6,3.0,85.3
1423,21,5.1,91.5,5.0,59.4
1424,23,4.6,82.7,9.0,87.3
1425,24,5.1,98.3,7.0,80.8
1426,18,4.7,72.7,10.0,74.7
1427,18,7.6,68.8,6.0,62.1
1428,24,2.2,87.1,7.0,52.3
1429,23,2.8,90.3,5.0,82.6
1430,24,2.6,69.0,6.0,45.5
1431,20,,63.1,6.0,98.2
1432,24,5.7,92.4,10.0,98.7
1433,22,2.0,99.1,4.0,47.8
1434,24,8.8,85.8,6.0,46.2
1435,18,3.7,71.1,3.0,64.8
1436,22,2.5,99.9,7.0,
1437,18,7.1,95.7,,64.0
1438,19,1.3,80.5,8.0,61.8
1439,21,,93.0,7.0,82.2
1440,18,7.3,92.6,4.0,50.7
1441,22,2.9,97.4,6.0,61.8
1442,19,1.4,93.6,5.0,57.5
1443,18,4.3,85.7,9.0,76.1
1444,20,,84.4,9.0,49.8
1445,24,2.0,78.7,3.0,72.9
1446,21,3.3,85.1,4.0,91.5
1447,18,3.7,91.8,9.0,70.9
1448,19,5.8,98.8,10.0,81.0
1449,20,7.1,78.7,10.0,44.5
1450,23,6.3,82.9,6.0,66.9
1451,19,2.3,77.8,8.0,45.7
1452,24,2.5,86.7,5.0,76.0
1453,19,8.9,85.2,6.0,56.9
1454,20,6.0,60.7,4.0,57.2
1455,19,8.8,81.6,10.0,44.6
1456,20,4.3,63.5,,58.6
1457,18,6.5,61.1,9.0,70.4
1458,20,5.7,91.6,5.0,75.1
1459,20,3.9,70.3,5.0,44.0
1460,21,5.2,73.6,5.0,79.1
1461,20,5.5,62.6,10.0,69.3
1462,20,2.8,67.2,9.0,72.2
1463,23,3.8,90.6,6.0,90.0
1464,18,8.1,79.7,5.0,60.5
1465,24,9.2,95.2,6.0,50.4
1466,21,4.2,75.9,5.0,73.1
1467,23,3.8,70.7,10.0,96.7
1468,22,2.8,73.9,5.0,71.1
1469,18,7.1,88.5,4.0,89.9
1470,18,3.9,82.2,6.0,85.4
1471,22,,96.2,8.0,71.1
1472,24,3.9,84.1,10.0,78.9
1473,20,4.5,79.7,6.0,64.4
1474,23,6.4,91.4,10.0,71.8
1475,19,8.2,97.9,7.0,70.4
1476,21,5.2,74.2,9.0,82.5
1477,19,4.8,70.0,8.0,64.6
1478,22,10.0,84.6,4.0,46.0
1479,18,1.1,80.0,6.0,
1480,24,9.1,99.6,4.0,81.1
1481,18,2.3,78.5,8.0,97.0
1482,21,8.1,63.0,4.0,65.7
1483,18,6.6,99.1,4.0,44.7
1484,18,4.1,93.7,3.0,47.3
1485,21,8.9,67.1,6.0,86.4
1486,23,1.1,96.2,4.0,
1487,23,3.0,73.6,3.0,94.5
1488,21,6.1,75.1,3.0,56.9
1489,24,4.2,96.3,10.0,93.9
1490,22,6.5,81.2,5.0,86.4
1491,18,1.2,65.5,5.0,92.3
1492,24,2.0,74.8,9.0,52.8
1493,18,2.1,88.9,,75.7
1494,22,2.7,67.0,6.0,45.6
1495,23,5.1,83.6,5.0,52.1
1496,24,7.8,87.8,8.0,58.6
1497,20,9.1,73.8,6.0,84.4
1498,20,8.5,87.8,8.0,41.5
1499,20,2.8,95.4,9.0,94.2
1500,23,5.0,78.9,9.0,44.2
1501,23,2.8,75.3,3.0,62.6
1502,22,3.4,70.0,3.0,44.9
1503,18,5.5,84.2,6.0,86.1
1504,22,1.6,95.2,8.0,48.5
1505,22,3.0,73.0,8.0,93.1
1506,23,9.4,75.8,5.0,71.8
1507,20,5.2,76.3,5.0,96.9
1508,19,5.0,82.4,6.0,57.4
1509,18,1.1,69.1,7.0,67.3
1510,23,3.2,92.9,5.0,81.7
1511,20,8.8,71.8,4.0,89.9
1512,24,2.5,88.2,5.0,65.3
1513,19,4.7,80.5,7.0,93.5
1514,19,1.1,83.4,8.0,47.1
1515,23,5.3,67.2,3.0,82.5
1516,21,1.2,89.4,10.0,60.9
1517,18,8.4,67.5,10.0,46.1
1518,19,8.4,64.5,3.0,63.2
1519,23,8.1,81.9,8.0,92.8
1520,23,3.6,88.4,3.0,98.8
1521,20,8.5,62.0,5.0,63.6
1522,24,5.9,62.8,9.0,93.2
1523,21,4.4,92.1,3.0,70.6
1524,18,6.6,92.4,9.0,83.0
1525,22,1.1,69.8,7.0,42.7
1526,24,2.3,84.6,9.0,73.4
1527,24,7.7,77.7,7.0,44.2
1528,20,3.2,85.3,5.0,56.1
1529,19,6.4,94.5,8.0,74.0
1530,19,4.5,63.2,4.0,88.4
1531,20,8.7,91.1,5.0,73.7
1532,23,9.6,79.7,3.0,96.2
1533,19,9.0,82.6,5.0,88.6
1534,21,3.4,86.2,10.0,49.4
1535,18,2.7,96.9,10.0,63.3
1536,24,5.3,62.3,7.0,80.1
1537,24,1.1,61.2,5.0,96.3
1538,21,1.2,67.1,5.0,99.3
1539,19,6.0,99.5,4.0,85.8
1540,24,5.7,88.6,7.0,74.4
1541,22,10.0,84.6,6.0,85.4
1542,18,2.8,61.9,6.0,56.4
1543,18,3.3,95.2,7.0,57.0
1544,24,2.0,92.5,6.0,79.3
1545,20,9.3,86.6,3.0,92.3
1546,24,8.0,73.6,6.0,98.2
1547,20,8.4,62.8,10.0,60.5
1548,24,9.1,83.2,3.0,87.8
1549,22,5.7,88.8,7.0,91.1
1550,23,5.1,63.8,6.0,77.4
1551,18,4.0,85.4,6.0,60.9
1552,24,6.3,71.5,8.0,77.1
1553,22,5.1,90.6,9.0,75.1
1554,20,5.1,81.6,3.0,76.4
1555,20,9.4,65.2,3.0,77.2
1556,18,9.9,81.1,5.0,90.8
1557,21,8.2,75.8,4.0,50.2
1558,24,7.8,67.2,10.0,62.0
1559,19,7.1,93.7,6.0,75.2
1560,20,2.5,60.4,8.0,57.0
1561,23,1.5,72.5,4.0,98.7
1562,23,7.2,60.5,9.0,55.8
1563,20,7.6,63.8,9.0,68.2
1564,21,1.4,71.9,10.0,92.6
1565,21,9.4,62.2,8.0,44.8
1566,22,1.8,,4.0,89.2
1567,23,3.6,63.5,10.0,74.3
1568,22,7.1,88.1,10.0,41.9
1569,23,2.5,62.1,10.0,94.2
1570,24,1.5,62.4,10.0,42.4
1571,24,4.0,72.2,6.0,70.9
1572,19,7.9,95.9,9.0,42.9
1573,24,4.7,85.7,10.0,44.3
1574,19,6.9,90.8,8.0,93.2
1575,24,6.2,65.7,3.0,85.9
1576,18,1.2,93.4,5.0,51.8
1577,24,9.9,60.3,8.0,77.2
1578,22,1.4,68.5,7.0,87.7
1579,20,9.7,84.6,9.0,93.4
1580,22,5.9,75.0,10.0,68.1
1581,20,,,9.0,93.8
1582,21,2.0,61.2,10.0,70.5
1583,22,5.4,99.9,6.0,81.3
1584,21,2.5,84.9,6.0,98.7
1585,19,1.5,82.3,7.0,
1586,19,6.6,62.4,9.0,50.1
1587,18,2.9,70.9,10.0,60.5
1588,24,6.3,97.0,4.0,49.9
1589,22,2.0,74.2,5.0,57.0
1590,21,4.0,86.5,4.0,84.6
1591,20,8.0,100.0,7.0,68.7
1592,19,4.9,70.5,7.0,62.5
1593,24,,83.0,5.0,62.1
1594,19,6.8,87.9,7.0,51.7
1595,20,8.6,66.6,7.0,66.8
1596,24,3.9,65.9,9.0,77.5
1597,24,7.2,78.3,8.0,48.3
1598,21,9.7,75.4,10.0,98.4
1599,21,7.6,88.6,9.0,66.6
1600,22,5.4,62.8,5.0,96.9
1601,22,6.7,98.9,6.0,48.1
1602,23,7.7,60.6,4.0,86.0
1603,23,6.5,84.1,6.0,77.1
1604,18,1.2,82.5,6.0,89.2
1605,19,2.8,65.4,8.0,76.0
1606,22,8.3,66.0,4.0,97.8
1607,21,3.5,91.7,6.0,77.6
1608,20,7.6,95.5,10.0,87.1
1609,21,4.3,,5.0,92.7
1610,19,5.7,77.5,4.0,82.9
1611,23,1.6,74.2,3.0,71.5
1612,21,2.6,62.9,8.0,56.4
1613,18,9.6,86.9,10.0,91.3
1614,19,9.0,93.0,6.0,68.8
1615,23,6.9,72.2,10.0,77.2
1616,20,5.1,99.6,10.0,44.8
1617,23,7.1,63.0,7.0,69.8
1618,24,6.6,86.5,4.0,81.9
1619,18,6.1,77.9,3.0,75.0
1620,19,1.5,77.9,7.0,66.9
1621,20,6.7,78.3,10.0,53.4
1622,18,7.9,70.3,3.0,58.6
1623,23,9.9,88.6,10.0,82.0
1624,18,1.1,88.9,6.0,53.5
1625,19,7.6,71.3,10.0,77.3
1626,22,6.1,93.4,7.0,75.4
1627,18,4.9,72.7,,98.2
1628,24,2.1,89.0,7.0,43.6
1629,18,4.7,64.8,4.0,46.5
1630,23,4.2,66.7,,70.4
1631,23,3.7,72.6,9.0,71.6
1632,20,7.6,83.8,5.0,42.4
1633,23,7.3,85.8,9.0,89.6
1634,21,6.3,75.9,5.0,69.7
1635,19,9.4,63.1,9.0,60.8
1636,19,4.1,74.9,3.0,59.1
1637,22,3.2,87.6,8.0,91.7
1638,22,6.9,86.8,7.0,51.8
1639,19,2.8,66.4,6.0,49.6
1640,24,3.8,60.3,8.0,52.8
1641,22,3.0,90.1,4.0,77.5
1642,20,1.6,64.3,4.0,88.7
1643,23,8.4,63.3,4.0,59.9
1644,19,,60.1,5.0,50.4
1645,22,,77.3,6.0,52.6
1646,19,1.4,80.1,,77.2
1647,21,7.3,85.5,4.0,54.8
1648,18,4.0,71.8,9.0,92.6
1649,23,7.7,88.4,3.0,46.2
1650,19,4.7,66.8,7.0,41.9
1651,18,2.8,93.3,7.0,45.3
1652,22,5.6,82.9,10.0,90.7
1653,18,2.2,83.4,7.0,79.1
1654,23,5.0,68.4,8.0,97.5
1655,19,3.9,63.0,9.0,60.2
1656,21,9.2,78.6,9.0,52.8
1657,24,1.5,84.6,3.0,73.7
1658,22,7.2,63.8,5.0,72.3
1659,19,2.6,98.0,8.0,75.5
1660,23,3.9,99.2,3.0,60.9
1661,22,4.7,81.8,4.0,40.4
1662,20,,98.0,6.0,42.1
1663,18,3.2,67.2,8.0,79.8
1664,24,1.8,61.0,8.0,71.4
1665,23,3.9,61.6,4.0,89.3
1666,20,1.9,83.5,4.0,58.0
1667,19,2.2,62.5,6.0,88.9
1668,21,6.2,98.3,7.0,65.5
1669,22,1.5,65.7,8.0,45.8
1670,18,1.3,72.2,3.0,98.7
1671,22,7.4,92.9,5.0,70.7
1672,24,4.3,68.7,4.0,77.8
1673,19,2.1,69.7,4.0,80.2
1674,22,3.3,85.7,5.0,61.7
1675,18,6.8,71.0,3.0,84.9
1676,19,3.5,68.7,10.0,92.2
1677,22,5.5,70.2,4.0,63.2
1678,21,2.1,79.6,5.0,79.4
1679,23,6.3,98.6,9.0,85.4
1680,19,3.8,93.3,4.0,51.4
1681,23,6.6,71.4,7.0,60.0
1682,19,8.3,74.5,7.0,46.5
1683,21,6.5,78.6,4.0,76.1
1684,23,3.7,99.2,9.0,88.1
1685,20,3.3,66.9,4.0,76.7
1686,18,3.9,74.3,10.0,50.8
1687,20,2.5,89.2,10.0,72.8
1688,22,2.6,98.6,7.0,90.1
1689,21,8.1,66.2,10.0,58.2
1690,20,4.5,69.1,9.0,90.0
1691,19,4.9,69.0,10.0,87.1
1692,22,6.3,60.8,4.0,41.3
1693,22,6.3,84.2,9.0,54.4
1694,20,1.6,86.8,3.0,72.6
1695,20,8.5,84.1,3.0,83.1
1696,21,2.6,62.9,6.0,92.8
1697,18,,62.8,3.0,78.5
1698,20,8.0,68.4,8.0,62.8
1699,24,,71.6,9.0,51.1
1700,20,6.2,91.5,8.0,85.6
1701,23,1.1,66.4,8.0,52.4
1702,19,4.2,61.8,4.0,81.7
1703,24,6.4,75.8,4.0,50.9
1704,24,4.5,76.7,5.0,45.5
1705,23,8.8,78.0,9.0,55.1
1706,23,3.8,93.1,8.0,57.1
1707,22,3.6,63.9,8.0,78.8
1708,18,3.4,88.2,3.0,49.7
1709,19,4.0,73.5,7.0,95.8
1710,21,6.0,72.4,9.0,73.3
1711,24,7.4,97.3,7.0,69.5
1712,21,7.0,69.9,9.0,66.1
1713,20,8.3,85.7,9.0,74.0
1714,20,9.0,71.0,6.0,41.3
1715,21,8.3,80.3,5.0,99.4
1716,20,1.2,91.5,7.0,73.5
1717,18,7.6,95.3,6.0,42.1
1718,23,2.9,93.5,3.0,75.4
1719,20,2.2,83.3,5.0,66.2
1720,22,6.7,70.0,5.0,41.4
1721,20,3.9,86.4,8.0,95.5
1722,19,1.5,88.4,9.0,40.6
1723,18,2.2,60.4,10.0,74.7
1724,19,1.0,77.6,9.0,97.7
1725,19,9.1,93.7,4.0,54.3
1726,22,1.2,79.6,9.0,55.3
1727,18,2.9,72.5,9.0,40.0
1728,18,4.7,94.9,9.0,44.0
1729,18,4.2,66.2,8.0,42.7
1730,18,9.2,68.3,3.0,89.4
1731,18,1.4,87.5,9.0,90.2
1732,22,5.6,74.1,10.0,83.6
1733,20,7.1,88.5,8.0,61.2
1734,19,,66.3,10.0,89.3
1735,18,6.6,70.1,5.0,72.4
1736,24,8.2,66.3,8.0,58.3
1737,20,1.8,98.1,9.0,66.2
1738,20,4.5,76.2,6.0,43.9
1739,19,4.4,73.5,8.0,96.7
1740,22,9.0,60.6,7.0,77.1
1741,21,2.4,66.1,3.0,83.9
1742,21,2.4,76.8,3.0,80.6
1743,20,4.0,62.7,5.0,80.1
1744,23,1.5,80.4,8.0,41.0
1745,23,2.6,78.2,10.0,71.5
1746,19,9.7,90.7,10.0,89.3
1747,21,4.9,86.4,5.0,42.7
1748,20,6.7,77.8,5.0,97.4
1749,22,7.5,69.0,6.0,65.4
1750,21,4.3,89.1,4.0,57.4
1751,20,2.3,88.3,5.0,71.9
1752,20,2.9,66.1,4.0,88.1
1753,18,3.8,96.6,10.0,68.5
1754,22,6.7,62.6,4.0,78.7
1755,18,4.6,62.2,3.0,70.0
1756,19,1.1,67.5,10.0,77.9
1757,18,5.7,96.4,7.0,48.3
1758,24,9.3,80.8,10.0,42.3
1759,18,8.3,91.5,7.0,48.2
1760,24,8.4,69.1,8.0,57.2
1761,21,8.2,79.6,6.0,55.2
1762,23,3.9,74.3,6.0,76.9
1763,20,7.9,93.1,7.0,67.4
1764,24,2.3,60.9,8.0,42.3
1765,22,6.9,69.8,10.0,42.1
1766,18,6.8,66.1,9.0,45.4
1767,24,1.2,94.4,7.0,61.2
1768,22,8.1,78.7,10.0,40.4
1769,23,9.1,76.2,8.0,69.6
1770,23,3.4,78.0,8.0,61.6
1771,18,8.3,98.9,8.0,73.3
1772,19,1.7,94.0,8.0,83.2
1773,18,6.4,88.3,3.0,55.1
1774,21,5.4,71.6,10.0,49.4
1775,24,5.9,66.6,3.0,56.7
1776,20,9.3,96.9,7.0,40.1
1777,19,8.8,76.9,8.0,47.2
1778,18,8.1,71.2,5.0,85.0
1779,22,3.5,78.8,8.0,53.4
1780,19,9.2,,5.0,99.7
1781,24,1.9,75.5,3.0,50.1
1782,19,8.7,82.5,8.0,87.3
1783,24,4.0,92.1,4.0,82.3
1784,18,1.5,77.1,7.0,59.3
1785,24,7.0,69.3,8.0,59.8
1786,19,3.1,99.8,6.0,73.8
1787,22,,98.3,5.0,91.1
1788,23,3.8,93.7,9.0,63.2
1789,19,1.6,87.5,9.0,43.7
1790,24,2.6,71.8,8.0,62.5
1791,23,1.0,96.5,10.0,52.4
1792,24,5.0,71.0,4.0,96.4
1793,22,1.8,92.0,5.0,81.8
1794,24,7.1,96.7,4.0,43.0
1795,18,3.1,84.1,9.0,57.6
1796,20,9.5,92.1,7.0,43.0
1797,19,8.8,91.7,9.0,89.8
1798,20,3.6,,7.0,94.4
1799,24,8.0,86.7,7.0,46.7
1800,22,8.2,63.7,3.0,66.4
1801,19,9.9,80.3,9.0,95.9
1802,24,6.4,66.5,10.0,48.7
1803,23,1.7,76.7,9.0,57.5
1804,21,6.8,93.3,4.0,58.3
1805,24,6.6,99.5,8.0,41.8
1806,20,6.7,72.7,6.0,42.2
1807,19,3.8,81.3,6.0,97.2
1808,20,8.7,80.5,10.0,74.3
1809,19,9.6,98.2,7.0,58.4
1810,24,3.0,79.1,10.0,62.7
1811,18,1.8,88.0,6.0,82.9
1812,23,2.8,96.9,10.0,62.0
1813,24,8.4,74.9,5.0,53.7
1814,20,7.1,96.1,4.0,46.1
1815,21,6.7,96.7,4.0,83.7
1816,21,4.6,97.2,10.0,50.8
1817,22,6.2,70.8,,44.2
1818,19,3.8,76.0,5.0,65.6
1819,20,5.3,94.8,8.0,42.4
1820,22,8.1,74.4,3.0,97.9
1821,20,9.8,84.0,5.0,77.6
1822,19,9.4,64.7,4.0,49.2
1823,24,9.4,62.3,4.0,50.3
1824,24,4.6,76.5,9.0,74.2
1825,21,5.2,83.2,4.0,
1826,24,7.4,75.7,8.0,86.5
1827,24,9.3,83.1,6.0,72.7
1828,18,2.3,80.6,3.0,66.0
1829,21,3.7,87.4,5.0,97.8
1830,22,2.3,86.0,10.0,63.4
1831,23,6.5,77.0,4.0,64.0
1832,18,3.8,77.0,9.0,79.9
1833,22,3.9,65.6,9.0,88.6
1834,19,1.6,80.5,7.0,77.6
1835,18,4.1,83.5,3.0,81.9
1836,22,8.8,79.1,9.0,62.4
1837,19,3.1,73.0,7.0,68.8
1838,21,7.3,88.9,3.0,51.8
1839,23,6.7,63.0,4.0,80.8
1840,19,8.8,96.6,3.0,53.3
1841,24,2.2,60.8,3.0,40.1
1842,20,9.8,98.5,10.0,96.0
1843,19,6.2,78.5,4.0,58.4
1844,19,10.0,76.5,8.0,51.8
1845,23,9.2,70.3,9.0,56.1
1846,20,3.0,60.4,7.0,59.8
1847,24,,71.0,10.0,68.5
1848,22,3.3,64.4,10.0,44.2
1849,22,5.7,86.4,8.0,43.2
1850,19,2.5,72.8,7.0,57.6
1851,20,2.5,90.7,6.0,57.7
1852,20,5.2,68.3,9.0,47.1
1853,24,1.3,96.0,7.0,64.3
1854,23,2.1,80.9,7.0,57.0
1855,21,4.7,64.6,3.0,41.6
1856,22,1.6,76.0,6.0,93.1
1857,23,4.6,68.3,4.0,93.2
1858,18,5.3,68.0,4.0,52.6
1859,22,5.1,80.3,5.0,49.8
1860,23,8.8,,6.0,72.8
1861,22,5.8,96.5,,77.8
1862,21,5.2,80.1,5.0,97.5
1863,18,4.7,98.6,5.0,62.6
1864,21,8.4,97.7,4.0,77.1
1865,24,9.1,94.6,7.0,92.7
1866,18,8.7,80.0,3.0,67.0
1867,19,7.1,65.6,10.0,47.3
1868,23,2.2,68.7,10.0,62.6
1869,18,3.5,85.9,6.0,48.2
1870,24,1.4,76.9,5.0,41.0
1871,24,9.4,65.9,3.0,85.1
1872,21,6.9,79.2,4.0,54.3
1873,22,7.7,60.7,5.0,40.1
1874,18,3.8,,5.0,92.3
1875,23,8.6,62.9,8.0,66.6
1876,18,3.3,85.2,4.0,54.3
1877,20,1.0,91.7,,55.8
1878,22,4.4,65.3,8.0,54.4
1879,23,6.1,80.7,4.0,51.7
1880,23,5.3,91.2,4.0,90.5
1881,19,8.8,70.4,8.0,50.2
1882,21,1.9,66.5,10.0,73.7
1883,19,6.0,73.5,9.0,44.6
1884,23,5.6,82.2,3.0,97.0
1885,22,3.5,83.0,3.0,76.2
1886,18,8.4,65.2,9.0,94.2
1887,18,7.8,78.3,3.0,63.9
1888,22,7.6,70.7,7.0,88.6
1889,23,8.9,93.7,5.0,91.2
1890,24,7.5,72.5,3.0,82.2
1891,18,3.1,93.5,7.0,45.6
1892,24,7.4,77.1,5.0,41.0
1893,18,3.8,89.1,3.0,50.1
1894,18,3.2,80.4,4.0,47.1
1895,21,1.7,84.9,9.0,83.5
1896,21,7.7,75.8,6.0,73.4
1897,20,7.4,90.7,3.0,71.6
1898,19,3.1,77.0,6.0,55.2
1899,22,7.7,78.3,3.0,49.3
1900,22,9.3,80.7,4.0,52.4
1901,22,2.0,93.3,9.0,64.0
1902,20,,86.4,10.0,84.4
1903,21,,74.0,9.0,55.3
1904,23,3.5,86.8,6.0,81.9
1905,24,6.6,85.7,7.0,69.5
1906,24,1.7,97.2,4.0,93.1
1907,23,5.1,93.7,6.0,54.0
1908,20,7.7,85.9,6.0,67.1
1909,23,7.2,73.7,8.0,45.8
1910,22,8.3,91.2,8.0,60.1
1911,19,8.9,,4.0,70.4
1912,18,8.0,99.4,4.0,84.0
1913,24,7.0,69.9,4.0,51.9
1914,21,1.3,63.2,5.0,53.1
1915,21,5.8,62.8,7.0,77.9
1916,20,1.3,85.6,3.0,62.9
1917,21,8.3,97.6,10.0,68.9
1918,22,3.9,60.1,8.0,90.2
1919,24,6.1,89.0,9.0,69.9
1920,23,3.5,86.3,9.0,79.1
1921,22,8.0,89.3,6.0,79.4
1922,20,9.0,74.2,8.0,88.2
1923,22,4.6,92.8,3.0,78.3
1924,23,8.8,61.8,4.0,
1925,19,3.4,90.2,9.0,60.5
1926,20,5.8,70.7,8.0,99.4
1927,19,8.7,79.1,7.0,51.8
1928,18,3.9,92.9,7.0,75.2
1929,19,9.6,70.9,10.0,90.6
1930,18,2.1,67.4,5.0,75.2
1931,18,1.2,87.3,8.0,62.3
1932,19,9.1,81.3,4.0,44.8
1933,20,1.6,80.6,6.0,61.7
1934,23,9.9,70.3,10.0,50.9
1935,22,9.6,61.4,10.0,97.7
1936,22,2.2,76.4,5.0,82.9
1937,23,5.8,64.3,4.0,85.0
1938,24,2.7,,10.0,66.2
1939,24,4.9,61.7,5.0,46.6
1940,18,1.6,77.3,8.0,56.0
1941,18,3.0,62.1,3.0,55.6
1942,20,4.3,63.8,10.0,69.2
1943,21,4.9,86.4,9.0,67.7
1944,19,9.8,85.9,8.0,66.0
1945,18,8.3,61.3,4.0,69.8
1946,22,7.6,60.0,6.0,99.2
1947,20,5.8,63.2,6.0,57.9
1948,19,8.6,90.5,4.0,76.9
1949,20,4.1,83.4,5.0,54.4
1950,19,7.4,61.5,7.0,68.0
1951,19,9.9,79.5,4.0,52.0
1952,23,3.8,88.5,9.0,73.5
1953,18,7.1,94.8,10.0,55.9
1954,20,8.6,97.4,8.0,42.2
1955,20,9.2,73.1,6.0,88.9
1956,23,7.5,65.4,3.0,47.7
1957,22,3.6,69.5,6.0,62.1
1958,22,3.9,91.0,7.0,68.6
1959,24,1.2,98.9,10.0,65.9
1960,18,7.8,78.7,6.0,83.5
1961,18,1.4,72.2,7.0,75.8
1962,21,8.8,77.2,10.0,57.7
1963,23,2.1,72.2,9.0,43.1
1964,22,2.5,70.3,10.0,86.1
1965,19,5.3,83.8,4.0,61.2
1966,20,7.6,60.6,6.0,93.4
1967,18,2.3,70.4,5.0,63.7
1968,20,5.0,86.5,8.0,83.1
1969,20,5.3,61.3,5.0,96.4
1970,21,,63.3,8.0,79.1
1971,22,2.0,71.7,6.0,64.8
1972,18,8.5,95.1,9.0,74.0
1973,20,5.5,90.6,6.0,72.6
1974,18,1.1,60.9,8.0,75.1
1975,19,8.2,80.1,9.0,48.8
1976,21,9.8,71.0,3.0,81.9
1977,19,6.5,85.9,9.0,48.7
1978,18,5.5,88.9,6.0,40.9
1979,24,8.9,94.5,3.0,77.5
1980,18,9.6,79.0,3.0,47.0
1981,22,7.8,99.8,8.0,86.2
1982,20,5.0,99.2,3.0,92.0
1983,20,6.3,95.3,3.0,96.7
1984,19,7.3,83.0,4.0,79.9
1985,21,2.7,75.9,9.0,68.9
1986,24,5.0,74.6,10.0,61.1
1987,23,8.5,60.5,5.0,69.5
1988,20,6.9,70.0,3.0,51.4
1989,22,4.7,88.8,10.0,60.9
1990,19,7.0,84.1,5.0,83.1
1991,19,2.1,96.7,10.0,53.0
1992,23,4.6,62.0,3.0,55.8
1993,22,8.1,66.2,5.0,85.0
1994,21,3.0,91.6,6.0,50.7
1995,22,2.7,74.3,6.0,54.8
1996,21,9.6,64.7,5.0,41.1
1997,22,2.9,99.9,9.0,83.2
1998,22,3.3,91.5,3.0,77.1
1999,18,9.7,76.3,4.0,81.7
2000,19,7.6,92.9,10.0,52.9
2001,22,7.3,87.2,9.0,81.2
2002,23,,91.6,5.0,75.8
2003,22,2.0,92.6,9.0,62.0
2004,20,7.4,63.4,10.0,66.3
2005,19,5.5,84.9,7.0,74.1
2006,20,8.5,60.3,4.0,69.6
2007,19,5.6,61.7,10.0,78.5
2008,20,6.6,96.2,7.0,50.9
2009,22,5.3,81.1,10.0,72.4
2010,22,5.3,89.4,,
2011,18,7.9,93.5,5.0,67.7
2012,23,6.7,98.0,3.0,68.2
2013,20,6.7,94.8,9.0,92.9
2014,21,5.1,79.3,9.0,89.1
2015,18,5.8,73.4,7.0,77.8
2016,20,7.7,66.2,9.0,83.0
2017,20,8.4,76.0,5.0,42.6
2018,18,7.3,74.7,4.0,84.6
2019,22,9.3,82.4,3.0,69.2
2020,20,8.4,86.6,7.0,59.1
2021,22,6.1,99.1,9.0,48.4
2022,18,7.0,89.1,5.0,44.5
2023,22,9.3,85.7,3.0,42.7
2024,19,6.6,73.4,3.0,49.7
2025,21,8.4,61.4,6.0,41.8
2026,24,7.2,71.5,,84.0
2027,20,6.0,90.7,10.0,54.9
2028,23,3.2,68.2,5.0,62.1
2029,21,4.8,88.5,4.0,89.4
2030,24,9.7,83.2,8.0,46.9
2031,22,6.9,66.9,6.0,90.1
2032,20,6.1,70.5,5.0,78.4
2033,22,9.4,79.9,5.0,60.5
2034,19,6.3,76.7,5.0,47.1
2035,18,5.7,91.1,7.0,45.5
2036,20,7.8,89.4,9.0,60.1
2037,24,7.4,83.0,7.0,48.4
2038,24,2.7,92.9,10.0,56.1
2039,19,5.2,82.5,4.0,43.2
2040,19,5.3,98.6,10.0,75.7
2041,20,4.4,68.7,5.0,48.7
2042,22,5.7,88.6,9.0,85.4
2043,23,4.7,74.8,10.0,53.1
2044,24,2.8,71.2,7.0,87.9
2045,24,4.7,67.2,7.0,51.4
2046,19,1.7,82.1,7.0,83.3
2047,21,6.2,68.6,4.0,60.0
2048,19,8.7,68.0,4.0,75.0
2049,23,7.5,99.6,5.0,42.3
2050,22,4.2,92.1,6.0,69.7
2051,22,1.8,89.9,10.0,48.9
2052,21,2.8,91.8,5.0,69.2
2053,24,5.9,98.8,7.0,48.5
2054,19,2.9,82.9,8.0,66.2
2055,22,5.9,68.8,10.0,46.6
2056,23,3.1,94.5,9.0,53.2
2057,20,8.6,89.7,7.0,75.7
2058,18,4.6,,3.0,98.6
2059,18,3.2,78.9,8.0,67.0
2060,18,8.3,76.5,8.0,81.2
2061,24,4.1,97.2,9.0,72.4
2062,19,2.0,73.7,5.0,69.9
2063,21,6.1,98.5,7.0,43.9
2064,22,6.2,96.4,7.0,48.7
2065,20,7.4,,6.0,93.0
2066,23,3.2,83.2,,64.6
2067,20,,74.8,5.0,76.9
2068,23,3.5,60.7,4.0,71.7
2069,24,1.7,65.1,5.0,62.7
2070,19,8.9,90.2,10.0,63.3
2071,18,7.6,78.9,10.0,73.3
2072,19,3.7,66.0,8.0,48.5
2073,24,6.4,70.6,5.0,63.2
2074,21,2.8,97.9,6.0,66.8
2075,21,9.0,74.7,5.0,99.1
2076,24,2.0,96.3,6.0,61.1
2077,23,1.0,72.2,8.0,78.7
2078,22,5.5,81.7,6.0,48.2
2079,22,6.2,60.8,9.0,43.9
2080,23,6.2,80.9,9.0,92.3
2081,21,1.5,85.5,10.0,83.8
2082,21,3.8,69.4,7.0,59.0
2083,21,5.5,83.2,4.0,70.3
2084,19,2.9,85.9,8.0,48.1
2085,21,8.9,87.5,10.0,82.4
2086,20,1.8,91.1,6.0,44.2
2087,18,5.4,72.5,3.0,85.4
2088,21,7.2,82.7,8.0,72.8
2089,23,3.4,99.3,3.0,56.7
2090,18,6.6,95.9,4.0,91.8
2091,19,8.5,98.1,6.0,99.2
2092,23,2.7,75.4,8.0,55.3
2093,18,9.3,91.5,8.0,88.4
2094,23,6.0,84.8,4.0,85.0
2095,19,3.7,63.3,7.0,84.8
2096,20,4.9,93.0,3.0,97.4
2097,19,3.8,87.1,8.0,69.2
2098,19,7.5,68.0,5.0,80.5
2099,23,8.2,63.2,3.0,89.4
2100,24,8.5,93.5,10.0,68.8
2101,22,9.9,63.2,6.0,68.9
2102,21,8.1,63.7,4.0,59.1
2103,21,6.4,77.1,10.0,86.8
2104,20,4.1,65.4,3.0,81.2
2105,20,5.9,96.5,5.0,67.1
2106,21,1.4,78.8,9.0,65.2
2107,22,7.7,82.8,5.0,44.4
2108,21,5.0,97.1,10.0,40.4
2109,24,1.2,81.2,4.0,71.7
2110,22,1.6,74.1,10.0,65.0
2111,20,4.5,91.9,4.0,87.8
2112,18,,77.7,9.0,72.6
2113,23,5.2,72.7,3.0,96.2
2114,24,6.6,88.9,6.0,51.8
2115,24,5.3,92.1,7.0,99.4
2116,20,7.0,91.7,5.0,57.9
2117,20,3.0,99.1,4.0,78.5
2118,19,2.0,91.5,7.0,70.1
2119,24,6.4,90.8,10.0,61.6
2120,19,5.4,94.3,7.0,48.4
2121,19,1.2,60.0,7.0,48.1
2122,23,4.4,,6.0,82.7
2123,19,2.0,89.5,4.0,62.7
2124,22,5.8,84.0,10.0,97.7
2125,21,4.6,67.1,5.0,59.5
2126,18,6.5,72.1,4.0,99.0
2127,20,8.3,73.5,3.0,52.3
2128,22,3.7,82.7,10.0,46.2
2129,18,9.7,93.3,5.0,58.8
2130,24,5.8,97.3,10.0,93.1
2131,24,6.6,90.0,4.0,71.3
2132,24,7.1,93.7,,48.1
2133,22,7.0,78.8,3.0,52.1
2134,22,5.6,75.6,8.0,58.7
2135,20,4.9,75.7,5.0,75.4
2136,21,1.5,,8.0,59.9
2137,19,1.2,65.0,7.0,84.8
2138,24,4.2,,9.0,77.0
2139,23,4.0,86.6,10.0,92.4
2140,21,4.5,77.6,6.0,70.1
2141,23,2.2,98.1,3.0,59.9
2142,20,7.6,84.3,5.0,99.8
2143,20,8.7,68.8,3.0,61.3
2144,20,9.4,79.2,7.0,65.7
2145,18,5.4,87.0,8.0,88.5
2146,23,7.3,72.9,6.0,45.3
2147,21,8.7,63.2,3.0,63.2
2148,21,4.8,83.3,8.0,45.1
2149,22,3.8,97.9,7.0,48.4
2150,22,9.4,79.4,7.0,40.3
2151,24,5.6,96.2,7.0,40.6
2152,22,5.5,93.4,10.0,62.8
2153,20,2.6,65.9,9.0,88.5
2154,21,2.0,88.3,10.0,75.2
2155,23,8.6,77.4,8.0,78.1
2156,20,6.5,70.0,5.0,71.2
2157,18,3.9,87.5,4.0,89.2
2158,22,2.7,89.7,3.0,92.8
2159,20,6.0,67.2,9.0,91.0
2160,20,6.3,96.6,4.0,88.7
2161,18,2.9,90.0,7.0,51.0
2162,19,8.7,97.3,4.0,75.6
2163,21,1.8,72.7,8.0,74.9
2164,23,4.2,97.6,10.0,71.7
2165,24,7.1,74.7,7.0,68.8
2166,19,3.5,62.2,10.0,45.4
2167,22,8.4,90.5,9.0,46.1
2168,20,7.7,88.1,7.0,94.1
2169,18,8.1,83.9,6.0,77.8
2170,18,2.1,79.6,6.0,55.7
2171,21,2.3,61.3,9.0,56.8
2172,19,3.6,85.0,8.0,76.6
2173,24,5.7,76.7,8.0,64.4
2174,21,7.7,82.4,4.0,66.5
2175,20,8.5,77.2,9.0,43.6
2176,21,7.3,98.6,10.0,48.3
2177,23,9.4,84.2,3.0,63.6
2178,18,7.6,90.0,9.0,82.0
2179,18,3.8,97.5,4.0,42.9
2180,22,3.4,83.7,8.0,60.1
2181,22,7.3,60.5,3.0,81.7
2182,24,2.7,61.4,9.0,87.5
2183,20,1.8,88.1,,51.4
2184,23,5.8,71.2,5.0,83.9
2185,19,8.4,83.2,10.0,97.3
2186,21,1.9,68.1,5.0,94.4
2187,24,8.1,70.8,10.0,87.4
2188,20,8.3,80.2,3.0,82.7
2189,22,5.3,99.0,6.0,54.1
2190,21,1.5,84.7,10.0,78.0
2191,22,2.6,97.4,3.0,78.6
2192,21,7.4,98.4,4.0,64.4
2193,19,7.4,68.3,7.0,69.6
2194,20,9.1,72.4,5.0,81.6
2195,21,6.2,90.8,7.0,97.1
2196,23,2.1,94.7,5.0,57.7
2197,24,2.1,80.8,4.0,54.8
2198,18,7.5,99.7,5.0,76.1
2199,23,2.7,60.5,3.0,47.8
2200,23,4.0,72.0,7.0,75.0
2201,24,5.4,84.9,8.0,45.3
2202,18,1.2,78.8,7.0,69.4
2203,23,3.2,64.7,4.0,77.2
2204,21,4.7,74.7,8.0,44.2
2205,21,3.5,61.0,7.0,52.4
2206,21,2.2,85.7,10.0,60.1
2207,18,7.6,95.7,9.0,62.1
2208,23,8.3,95.4,10.0,80.6
2209,18,3.3,88.0,4.0,71.7
2210,21,8.0,78.6,9.0,62.9
2211,24,4.5,80.5,6.0,67.0
2212,23,5.6,65.5,3.0,40.8
2213,23,8.7,73.6,10.0,86.2
2214,22,7.7,67.5,5.0,42.5
2215,22,8.2,92.8,9.0,89.8
2216,19,2.2,96.6,5.0,72.5
2217,20,1.6,81.5,5.0,71.7
2218,22,9.0,89.1,6.0,82.3
2219,18,4.5,64.9,3.0,91.6
2220,22,3.6,84.3,7.0,96.6
2221,19,7.5,88.1,9.0,72.6
2222,23,8.5,78.1,7.0,49.0
2223,19,8.8,69.7,10.0,92.7
2224,23,3.8,95.1,3.0,42.4
2225,24,8.7,89.7,8.0,88.4
2226,24,1.4,96.0,3.0,80.8
2227,23,1.4,92.7,5.0,94.3
2228,20,6.6,99.6,7.0,93.8
2229,22,1.6,67.7,3.0,43.2
2230,18,3.9,63.5,7.0,76.6
2231,18,7.1,73.5,3.0,47.5
2232,21,4.0,65.2,4.0,44.7
2233,23,2.6,80.9,10.0,66.9
2234,18,3.5,85.3,9.0,45.9
2235,20,5.1,83.1,5.0,83.7
2236,23,5.3,70.4,3.0,98.1
2237,20,8.0,96.4,6.0,74.2
2238,18,7.8,60.8,3.0,54.1
2239,18,5.1,73.9,4.0,90.6
2240,21,8.6,88.8,10.0,91.2
2241,18,2.0,90.7,6.0,84.0
2242,23,3.3,76.6,6.0,76.9
2243,24,8.5,60.7,10.0,92.1
2244,23,4.4,84.7,3.0,49.8
2245,23,9.8,62.5,4.0,95.9
2246,21,5.2,64.3,6.0,96.8
2247,21,8.1,86.0,9.0,92.3
2248,18,4.6,72.5,5.0,55.0
2249,19,4.8,73.9,8.0,91.5
2250,19,4.4,79.5,5.0,69.9
2251,21,7.5,99.1,7.0,75.7
2252,18,,98.6,7.0,90.4
2253,19,9.5,76.7,4.0,41.8
2254,18,3.3,70.6,6.0,61.8
2255,18,1.9,72.1,5.0,88.9
2256,18,4.5,70.8,5.0,88.8
2257,22,6.6,81.3,8.0,90.9
2258,23,8.7,84.3,4.0,50.2
2259,18,4.1,79.6,9.0,82.4
2260,22,6.9,76.3,6.0,48.8
2261,21,4.2,68.5,4.0,87.1
2262,19,6.6,79.3,3.0,54.7
2263,23,9.0,73.6,5.0,84.3
2264,24,3.1,81.7,4.0,67.3
2265,19,4.6,87.0,4.0,99.2
2266,23,9.9,85.3,8.0,74.8
2267,24,8.8,78.5,9.0,78.0
2268,19,6.1,82.2,3.0,62.1
2269,23,5.6,71.4,7.0,84.1
2270,19,3.6,61.0,5.0,69.7
2271,19,5.7,85.0,8.0,41.1
2272,24,8.6,70.1,,76.5
2273,19,7.2,86.8,9.0,89.8
2274,19,3.6,89.9,4.0,54.2
2275,24,2.8,96.6,5.0,53.3
2276,21,3.4,98.3,10.0,76.5
2277,18,2.5,60.4,7.0,89.1
2278,20,1.9,99.6,10.0,55.0
2279,22,4.8,87.3,10.0,95.9
2280,20,2.0,85.7,10.0,95.6
2281,20,2.5,60.6,9.0,52.0
2282,23,5.9,94.4,4.0,55.8
2283,18,2.5,65.8,9.0,82.0
2284,23,1.6,93.5,3.0,97.1
2285,18,3.9,60.6,9.0,82.6
2286,24,3.0,85.8,5.0,66.7
2287,24,5.6,77.4,9.0,50.1
2288,18,1.9,68.0,9.0,67.7
2289,19,7.8,64.3,10.0,76.4
2290,21,9.2,77.6,8.0,59.9
2291,19,7.7,64.9,3.0,70.6
2292,21,5.8,79.5,7.0,47.8
2293,23,8.7,85.0,7.0,67.1
2294,21,7.3,93.1,5.0,45.4
2295,23,1.1,87.1,7.0,42.9
2296,24,4.5,62.6,6.0,91.4
2297,20,8.7,72.3,8.0,52.3
2298,24,4.1,71.5,5.0,74.5
2299,24,1.3,96.6,9.0,48.9
2300,20,7.7,94.7,6.0,55.8
2301,21,,74.8,7.0,61.7
2302,21,2.4,62.8,9.0,48.6
2303,23,5.8,95.8,5.0,42.8
2304,19,2.7,95.5,10.0,92.6
2305,23,7.5,94.2,6.0,40.7
2306,19,3.4,93.8,7.0,43.7
2307,24,3.8,79.2,4.0,88.3
2308,20,8.6,67.1,4.0,56.9
2309,24,5.3,79.1,3.0,
2310,18,7.0,79.8,4.0,48.8
2311,21,4.6,79.6,10.0,54.2
2312,19,3.7,81.6,6.0,74.4
2313,23,6.6,70.3,10.0,99.3
2314,20,2.4,74.6,8.0,44.4
2315,19,4.4,77.4,,64.0
2316,23,2.9,65.2,5.0,42.6
2317,21,7.3,78.2,5.0,52.0
2318,24,9.5,92.4,5.0,94.4
2319,21,10.0,93.1,4.0,45.8
2320,22,5.1,76.5,9.0,91.4
2321,18,3.3,80.8,10.0,50.7
2322,22,5.0,61.3,4.0,91.7
2323,20,8.6,87.0,3.0,72.3
2324,19,2.9,76.2,8.0,92.7
2325,20,9.6,77.8,9.0,49.1
2326,24,4.1,94.9,8.0,85.7
2327,23,9.9,78.5,9.0,80.8
2328,21,8.5,60.8,9.0,72.6
2329,22,8.3,69.1,7.0,88.6
2330,22,3.9,79.0,3.0,78.9
2331,24,1.1,77.0,6.0,92.6
2332,22,4.4,94.4,5.0,62.9
2333,24,3.7,81.7,4.0,75.4
2334,20,1.3,87.6,7.0,92.2
2335,21,5.5,78.8,7.0,52.9
2336,19,4.6,77.6,9.0,69.1
2337,23,6.7,77.9,4.0,97.6
2338,19,6.6,76.4,3.0,68.4
2339,20,2.1,81.5,7.0,55.2
2340,23,9.8,70.0,8.0,61.1
2341,22,2.7,95.6,3.0,93.1
2342,18,5.0,73.3,4.0,97.3
2343,20,5.4,65.9,9.0,97.0
2344,20,8.3,63.9,3.0,81.9
2345,21,1.9,60.5,9.0,70.6
2346,19,4.9,,8.0,51.0
2347,20,6.7,67.5,5.0,47.4
2348,20,2.9,60.9,9.0,43.6
2349,22,6.6,80.8,9.0,41.1
2350,22,9.3,87.2,10.0,92.7
2351,23,10.0,63.4,4.0,88.5
2352,24,1.3,78.4,8.0,74.1
2353,24,3.1,89.7,4.0,99.9
2354,18,3.8,99.4,8.0,97.2
2355,24,4.6,86.7,8.0,79.3
2356,21,3.2,69.8,7.0,67.9
2357,18,2.8,88.7,7.0,49.1
2358,23,,83.9,7.0,70.9
2359,22,9.3,68.5,5.0,49.5
2360,24,1.4,94.0,5.0,63.9
2361,19,4.0,77.1,8.0,96.6
2362,22,4.6,98.5,6.0,60.5
2363,21,3.2,88.9,4.0,49.2
2364,22,6.7,85.8,7.0,74.9
2365,21,6.8,89.1,4.0,76.1
2366,21,8.7,79.1,9.0,51.6
2367,21,7.7,80.2,8.0,51.8
2368,23,5.9,94.0,3.0,99.4
2369,21,6.9,87.2,8.0,54.6
2370,21,3.5,95.9,5.0,90.3
2371,19,6.3,95.6,6.0,68.2
2372,18,5.4,99.1,3.0,66.1
2373,20,2.2,88.0,4.0,57.7
2374,18,3.2,80.1,5.0,86.4
2375,21,3.6,66.7,7.0,92.8
2376,19,9.3,88.2,3.0,55.7
2377,22,3.1,71.7,5.0,45.7
2378,19,3.6,71.3,4.0,48.2
2379,21,4.3,69.5,8.0,87.6
2380,19,7.0,95.0,4.0,66.1
2381,24,2.1,94.7,3.0,47.9
2382,19,9.6,85.2,10.0,60.4
2383,21,8.8,78.9,3.0,70.9
2384,23,6.2,86.9,8.0,91.1
2385,24,7.1,84.3,3.0,78.5
2386,19,1.1,76.6,6.0,50.6
2387,20,4.1,75.2,7.0,49.5
2388,20,8.2,75.3,5.0,64.7
2389,19,1.7,83.6,8.0,44.5
2390,23,3.5,85.9,4.0,85.3
2391,22,6.3,78.1,4.0,64.1
2392,21,3.3,98.7,7.0,60.6
2393,20,9.4,63.4,3.0,70.5
2394,22,2.2,73.9,3.0,82.5
2395,19,8.2,,4.0,74.2
2396,22,5.6,60.7,7.0,88.1
2397,24,7.8,74.6,4.0,77.8
2398,18,3.8,70.9,3.0,87.3
2399,20,5.6,80.2,8.0,81.8
2400,19,8.7,73.5,5.0,51.6
2401,21,5.2,89.0,3.0,43.1
2402,23,4.2,80.4,8.0,94.2
2403,24,5.8,65.2,5.0,96.7
2404,19,7.5,90.0,9.0,83.6
2405,21,5.0,64.0,6.0,83.5
2406,23,9.4,93.6,7.0,56.2
2407,23,3.7,97.3,8.0,72.5
2408,19,5.3,72.9,6.0,99.5
2409,24,7.8,97.0,3.0,91.4
2410,22,7.2,91.7,9.0,58.3
2411,22,8.8,96.9,7.0,58.1
2412,23,10.0,86.7,8.0,69.0
2413,22,4.8,69.4,9.0,64.3
2414,18,2.0,95.8,10.0,62.3
2415,23,1.3,67.4,3.0,77.6
2416,23,7.5,68.5,7.0,40.7
2417,21,8.9,70.8,10.0,85.8
2418,22,3.0,72.2,7.0,84.4
2419,24,2.4,80.6,3.0,89.8
2420,23,1.6,88.5,3.0,90.5
2421,24,8.4,97.0,9.0,74.0
2422,18,3.8,63.5,9.0,86.8
2423,21,4.6,98.2,8.0,69.5
2424,19,5.5,96.9,7.0,97.1
2425,24,8.6,62.2,8.0,51.4
2426,23,6.9,74.4,9.0,94.9
2427,18,6.5,92.5,7.0,55.5
2428,20,2.6,84.5,8.0,46.2
2429,18,5.6,91.2,3.0,66.3
2430,18,7.4,88.8,3.0,76.9
2431,21,9.8,79.9,10.0,53.9
2432,19,2.8,61.6,4.0,73.3
2433,20,1.1,83.4,9.0,88.5
2434,22,1.7,61.9,8.0,55.4
2435,22,4.4,84.1,4.0,74.8
2436,24,8.4,92.0,4.0,60.4
2437,18,1.1,83.4,6.0,
2438,21,5.1,99.9,7.0,80.0
2439,21,4.0,78.2,5.0,61.0
2440,22,1.5,90.0,6.0,99.7
2441,24,5.1,86.7,9.0,73.8
2442,24,3.3,99.7,10.0,89.5
2443,24,4.2,88.5,7.0,83.5
2444,20,7.4,66.6,5.0,91.2
2445,19,5.7,98.2,4.0,50.4
2446,20,2.1,86.7,10.0,53.4
2447,23,9.7,62.4,5.0,69.2
2448,23,6.7,,3.0,91.1
2449,19,,95.3,9.0,51.9
2450,22,1.7,83.1,10.0,98.3
2451,19,1.4,74.2,3.0,47.7
2452,21,1.2,92.8,8.0,50.5
2453,23,2.7,91.3,10.0,50.0
2454,18,4.7,81.8,10.0,75.2
2455,18,9.4,66.2,7.0,95.1
2456,22,5.1,70.0,6.0,55.3
2457,21,3.6,89.5,9.0,73.2
2458,20,6.1,92.2,4.0,50.5
2459,21,2.0,71.2,9.0,77.9
2460,18,6.5,74.7,7.0,47.4
2461,18,6.1,63.1,10.0,69.5
2462,23,8.1,88.5,4.0,79.3
2463,21,9.9,60.1,3.0,74.7
2464,21,3.3,61.9,9.0,48.4
2465,18,5.6,60.2,6.0,49.7
2466,20,9.2,85.8,6.0,80.3
2467,22,8.1,76.7,3.0,88.5
2468,24,5.4,71.9,5.0,94.5
2469,22,9.5,96.5,6.0,88.8
2470,21,1.5,67.7,5.0,98.4
2471,22,9.4,75.6,4.0,64.5
2472,18,1.5,97.6,6.0,59.9
2473,18,5.9,77.1,8.0,41.7
2474,21,9.0,82.2,10.0,67.0
2475,21,3.4,63.2,3.0,79.1
2476,24,5.3,91.6,10.0,88.9
2477,24,3.9,76.9,10.0,56.0
2478,23,9.6,92.0,9.0,70.8
2479,21,8.4,70.2,5.0,79.7
2480,20,7.4,76.9,8.0,73.1
2481,22,6.3,91.5,4.0,56.4
2482,21,8.4,99.0,4.0,87.8
2483,19,4.5,62.4,6.0,50.4
2484,23,5.0,92.5,6.0,94.3
2485,19,7.6,72.0,8.0,97.2
2486,18,4.2,82.0,7.0,61.9
2487,24,1.6,71.6,7.0,62.6
2488,22,1.7,84.5,6.0,84.6
2489,21,2.0,74.2,7.0,67.4
2490,19,8.8,73.3,3.0,41.7
2491,22,5.3,61.5,8.0,95.2
2492,18,7.4,65.9,3.0,65.8
2493,24,4.5,96.7,7.0,52.2
2494,20,3.3,99.9,6.0,73.3
2495,23,4.1,91.2,,53.1
2496,22,8.1,71.5,10.0,52.4
2497,22,6.6,76.1,3.0,72.7
2498,20,9.4,89.6,4.0,63.5
2499,22,7.1,98.7,9.0,74.4
2500,18,6.1,78.2,10.0,99.8
2501,18,6.5,93.2,10.0,91.5
2502,20,9.5,99.0,6.0,40.5
2503,23,8.1,94.9,8.0,43.0
2504,21,1.2,69.1,5.0,76.6
2505,19,5.8,60.3,5.0,77.6
2506,21,7.2,79.7,6.0,92.7
2507,22,7.7,81.3,7.0,77.7
2508,19,2.9,68.1,10.0,53.7
2509,20,8.8,71.4,10.0,68.1
2510,20,9.6,90.6,3.0,88.5
2511,23,3.1,78.8,3.0,95.4
2512,19,8.9,72.7,6.0,54.2
2513,18,1.9,84.9,4.0,72.4
2514,19,1.5,86.1,8.0,49.5
2515,22,2.2,90.8,7.0,69.8
2516,18,1.5,66.3,10.0,45.4
2517,24,8.6,89.7,,96.5
2518,24,1.5,84.0,6.0,78.3
2519,24,3.4,62.3,6.0,91.3
2520,20,1.9,91.1,10.0,99.9
2521,19,3.7,75.3,4.0,51.0
2522,24,1.8,73.2,5.0,81.6
2523,21,7.0,77.9,,93.2
2524,23,2.2,,8.0,74.6
2525,21,8.7,73.5,9.0,78.4
2526,24,8.4,92.3,7.0,64.5
2527,23,1.1,65.0,4.0,80.5
2528,22,,98.8,5.0,63.7
2529,21,1.3,82.2,4.0,68.6
2530,19,3.2,67.3,5.0,46.2
2531,19,1.3,65.2,5.0,40.5
2532,21,4.0,83.7,8.0,43.3
2533,24,5.6,85.3,7.0,51.6
2534,19,8.2,62.1,6.0,67.4
2535,22,4.0,69.7,5.0,41.3
2536,18,7.3,91.8,6.0,49.4
2537,24,2.7,62.0,7.0,86.9
2538,22,7.8,94.2,6.0,85.7
2539,23,3.1,86.3,10.0,87.4
2540,22,2.3,77.4,8.0,95.3
2541,24,2.7,73.9,8.0,47.1
2542,23,2.6,60.8,3.0,49.8
2543,24,5.6,93.0,8.0,60.0
2544,19,8.6,65.7,5.0,94.9
2545,18,1.7,72.4,7.0,86.5
2546,24,7.4,82.8,8.0,59.4
2547,24,6.9,69.8,4.0,45.3
2548,19,8.9,79.9,7.0,77.0
2549,20,3.2,92.4,5.0,55.4
2550,19,5.1,78.8,7.0,71.9
2551,23,9.3,98.0,8.0,96.5
2552,19,6.9,93.9,4.0,74.4
2553,19,4.5,73.3,3.0,95.4
2554,18,2.2,76.0,5.0,63.6
2555,19,3.4,76.9,9.0,78.0
2556,24,6.2,85.0,10.0,93.6
2557,18,7.5,71.5,5.0,75.3
2558,21,2.1,98.8,7.0,76.9
2559,20,6.4,84.3,9.0,83.0
2560,18,6.0,76.0,9.0,92.9
2561,23,5.6,85.8,6.0,45.3
2562,21,7.2,75.8,9.0,60.2
2563,18,8.5,92.7,6.0,63.9
2564,18,3.9,82.7,10.0,94.6
2565,20,9.0,61.7,9.0,97.4
2566,24,2.4,67.1,4.0,47.2
2567,23,2.6,94.6,3.0,47.1
2568,22,3.4,82.5,3.0,96.1
2569,22,2.1,98.0,9.0,57.7
2570,18,3.1,62.9,7.0,54.5
2571,19,2.0,71.8,7.0,42.1
2572,23,8.4,67.7,6.0,56.5
2573,21,2.3,82.2,8.0,81.6
2574,19,7.7,75.3,3.0,65.6
2575,19,1.4,66.3,8.0,71.0
2576,23,9.5,85.7,3.0,95.0
2577,24,7.4,81.5,8.0,46.9
2578,18,1.1,71.0,8.0,44.3
2579,18,7.9,79.2,3.0,91.1
2580,18,5.6,89.8,10.0,86.5
2581,18,8.0,68.2,4.0,55.8
2582,22,5.7,71.7,4.0,59.5
2583,18,6.8,73.8,7.0,58.6
2584,22,8.1,89.9,8.0,78.9
2585,22,4.6,93.9,8.0,43.7
2586,24,1.0,75.1,10.0,69.4
2587,18,8.6,71.9,8.0,48.0
2588,20,4.4,95.6,10.0,89.2
2589,21,5.5,100.0,8.0,62.8
2590,19,1.1,86.8,8.0,71.7
2591,22,5.4,,10.0,41.8
2592,23,9.9,86.4,,43.5
2593,23,3.5,89.3,5.0,80.5
2594,21,4.6,75.5,8.0,86.0
2595,23,7.2,77.3,6.0,82.6
2596,20,8.3,65.8,4.0,84.2
2597,23,4.8,92.9,8.0,46.3
2598,19,3.8,97.2,4.0,
2599,19,9.4,84.9,7.0,50.9
2600,22,7.1,73.7,5.0,45.9
2601,18,2.1,66.2,3.0,85.4
2602,24,1.6,70.6,5.0,93.4
2603,20,5.4,70.2,8.0,83.0
2604,22,3.0,84.5,8.0,88.3
2605,20,3.3,97.8,10.0,99.5
2606,18,8.9,61.9,5.0,48.1
2607,23,1.8,60.0,5.0,97.9
2608,23,7.4,84.0,7.0,76.1
2609,24,3.4,71.4,9.0,88.8
2610,18,7.8,95.2,4.0,79.0
2611,22,7.5,73.1,10.0,74.2
2612,24,1.1,,3.0,82.2
2613,18,5.6,70.8,10.0,59.2
2614,21,2.3,65.8,9.0,95.5
2615,19,,83.3,5.0,46.9
2616,24,8.8,66.7,3.0,59.1
2617,24,4.8,77.0,,41.9
2618,22,5.0,78.4,10.0,56.3
2619,20,3.7,60.8,4.0,53.1
2620,21,7.4,60.7,3.0,43.0
2621,22,4.2,80.8,9.0,69.5
2622,18,3.4,87.8,6.0,68.1
2623,18,4.9,,4.0,44.7
2624,18,1.8,67.2,9.0,55.7
2625,18,7.7,64.1,3.0,97.2
2626,20,1.1,62.1,5.0,46.6
2627,21,6.8,77.4,9.0,58.3
2628,23,2.6,84.9,5.0,42.2
2629,19,3.1,93.6,4.0,48.9
2630,20,6.7,87.3,4.0,82.0
2631,20,9.9,68.3,9.0,62.0
2632,23,8.0,78.5,5.0,67.1
2633,23,3.0,96.4,3.0,49.4
2634,19,2.6,73.1,9.0,80.9
2635,19,8.8,79.9,6.0,85.1
2636,23,5.0,98.3,10.0,50.9
2637,18,2.2,89.4,7.0,42.7
2638,20,8.8,89.9,4.0,44.9
2639,22,8.3,70.1,5.0,79.4
2640,19,9.9,76.6,3.0,48.1
2641,19,9.2,63.3,4.0,69.6
2642,23,8.7,84.3,3.0,49.2
2643,21,1.5,64.1,4.0,50.2
2644,22,1.9,93.4,5.0,40.3
2645,22,6.1,92.6,3.0,59.2
2646,19,5.8,81.3,5.0,45.4
2647,18,5.1,65.6,3.0,63.6
2648,21,4.6,61.0,4.0,75.9
2649,22,4.9,91.9,7.0,62.1
2650,19,6.1,84.0,10.0,82.3
2651,22,1.0,88.4,10.0,84.5
2652,24,3.3,72.2,7.0,81.8
2653,21,5.7,80.4,10.0,96.2
2654,21,7.5,89.9,9.0,54.2
2655,24,2.6,78.5,6.0,51.4
2656,20,5.9,84.1,6.0,76.6
2657,24,7.4,91.6,9.0,75.7
2658,23,5.0,68.6,9.0,70.6
2659,23,1.2,62.6,8.0,40.3
2660,19,5.0,81.3,5.0,73.3
2661,21,3.7,62.5,3.0,96.0
2662,20,9.4,90.7,6.0,60.1
2663,20,2.1,88.8,4.0,98.1
2664,22,6.9,95.3,9.0,61.4
2665,22,1.5,85.6,10.0,48.4
2666,24,5.0,62.7,7.0,63.9
2667,20,6.0,70.1,3.0,69.7
2668,24,3.7,92.3,8.0,77.8
2669,24,5.1,66.7,7.0,70.3
2670,22,2.5,87.9,10.0,72.2
2671,21,3.7,91.2,9.0,41.4
2672,24,,73.2,3.0,55.2
2673,18,3.7,72.9,9.0,58.6
2674,21,9.1,82.3,6.0,99.2
2675,20,6.7,94.5,6.0,57.7
2676,20,4.9,69.0,5.0,93.8
2677,24,1.3,97.7,10.0,58.3
2678,21,5.5,84.0,8.0,45.8
2679,22,7.9,99.7,3.0,54.9
2680,22,3.4,63.6,8.0,56.4
2681,23,8.3,65.1,4.0,98.7
2682,20,3.3,93.1,8.0,80.5
2683,19,8.4,94.6,9.0,95.9
2684,23,1.8,77.8,9.0,90.1
2685,22,,88.6,6.0,74.7
2686,21,5.5,94.7,,80.5
2687,22,3.7,61.7,10.0,77.5
2688,21,3.4,83.0,9.0,80.0
2689,23,4.9,94.1,6.0,55.9
2690,20,10.0,75.9,7.0,64.5
2691,22,3.0,72.1,6.0,75.6
2692,24,1.9,91.8,3.0,42.2
2693,21,6.3,73.4,10.0,69.0
2694,20,5.4,60.1,5.0,91.6
2695,19,5.7,98.4,9.0,69.5
2696,21,7.0,83.7,3.0,73.1
2697,23,3.4,92.8,4.0,52.1
2698,19,9.2,93.0,4.0,87.7
2699,19,4.9,62.7,6.0,61.5
2700,18,2.2,66.8,5.0,97.4
2701,22,7.7,72.4,8.0,99.6
2702,21,6.8,72.8,5.0,95.0
2703,19,3.8,86.4,5.0,45.1
2704,18,6.6,84.9,5.0,60.0
2705,23,3.0,79.8,6.0,96.7
2706,20,5.0,68.5,3.0,88.3
2707,24,9.1,,6.0,94.7
2708,24,2.2,81.7,8.0,74.4
2709,21,4.5,78.7,3.0,68.8
2710,19,8.4,65.1,8.0,46.4
2711,24,9.7,86.0,7.0,90.4
2712,22,5.1,62.9,7.0,84.7
2713,24,5.6,75.1,10.0,43.5
2714,24,6.1,88.4,9.0,52.6
2715,24,9.4,60.8,9.0,73.4
2716,18,8.7,82.8,3.0,81.1
2717,19,2.5,73.4,6.0,48.3
2718,22,4.9,60.4,8.0,54.7
2719,19,5.2,67.6,8.0,51.6
2720,21,8.1,97.6,9.0,53.2
2721,21,6.4,80.8,9.0,95.2
2722,21,6.9,99.9,4.0,82.9
2723,23,10.0,81.0,8.0,84.2
2724,24,1.7,81.8,6.0,87.6
2725,23,3.0,75.7,4.0,61.4
2726,18,4.7,72.4,6.0,86.0
2727,21,4.1,70.1,5.0,98.7
2728,22,1.2,73.7,8.0,81.9
2729,19,1.8,78.4,5.0,65.0
2730,24,7.1,67.7,7.0,83.0
2731,20,8.9,69.0,7.0,94.0
2732,22,5.6,70.9,3.0,47.7
2733,24,5.9,78.0,8.0,55.9
2734,23,3.3,86.1,9.0,95.2
2735,23,7.9,94.2,4.0,96.8
2736,22,7.8,71.5,5.0,69.0
2737,23,6.3,67.3,6.0,62.5
2738,21,2.9,75.2,8.0,57.0
2739,18,1.9,95.8,3.0,69.9
2740,19,1.6,60.4,6.0,96.1
2741,18,6.3,87.1,5.0,49.0
2742,24,8.4,79.1,8.0,65.2
2743,19,8.7,66.4,,94.7
2744,19,5.2,72.8,5.0,60.9
2745,18,8.1,69.0,8.0,86.1
2746,22,9.5,95.1,8.0,63.4
2747,19,3.5,79.3,5.0,88.3
2748,18,4.6,82.5,5.0,98.9
2749,19,9.4,83.7,6.0,63.3
2750,20,4.0,85.6,3.0,90.7
2751,22,9.2,79.8,5.0,99.3
2752,21,9.8,60.7,7.0,99.0
2753,19,7.0,73.4,10.0,66.0
2754,20,8.4,67.4,3.0,69.1
2755,21,7.7,87.2,7.0,58.2
2756,21,7.3,62.3,6.0,58.8
2757,24,3.8,82.6,5.0,69.5
2758,19,1.5,68.4,3.0,52.0
2759,18,4.1,98.0,9.0,82.7
2760,19,,73.4,5.0,72.2
2761,20,1.9,73.0,8.0,93.9
2762,21,1.1,96.9,5.0,88.6
2763,19,2.3,76.7,9.0,59.3
2764,18,7.4,98.5,3.0,70.3
2765,24,9.8,61.0,5.0,85.0
2766,19,9.8,72.3,5.0,51.6
2767,22,5.4,86.6,4.0,41.9
2768,24,8.8,95.6,4.0,91.1
2769,18,7.6,70.3,3.0,48.3
2770,20,5.5,97.2,3.0,93.4
2771,21,6.2,83.8,8.0,94.8
2772,19,2.2,92.0,8.0,67.6
2773,18,9.4,75.9,10.0,88.4
2774,24,4.2,68.5,5.0,61.8
2775,22,5.0,96.4,7.0,91.5
2776,18,7.0,97.3,3.0,89.5
2777,23,4.0,79.9,9.0,44.7
2778,22,3.3,60.3,5.0,75.0
2779,24,6.7,64.4,7.0,78.4
2780,20,1.2,82.9,4.0,40.1
2781,21,7.5,61.0,8.0,98.8
2782,24,5.6,75.9,9.0,
2783,20,6.5,72.1,3.0,71.0
2784,19,6.7,88.6,5.0,51.7
2785,18,5.7,62.2,4.0,76.7
2786,23,6.2,79.5,10.0,88.6
2787,22,7.2,83.2,6.0,75.2
2788,22,7.8,84.7,4.0,87.3
2789,18,7.5,76.2,5.0,83.9
2790,23,8.8,72.2,10.0,54.3
2791,18,2.7,87.3,8.0,66.1
2792,19,4.6,93.9,7.0,48.9
2793,20,9.5,87.7,9.0,42.5
2794,24,4.6,97.3,9.0,43.8
2795,22,2.1,88.7,6.0,96.5
2796,19,5.7,90.6,9.0,99.1
2797,20,2.0,66.7,6.0,45.7
2798,19,2.8,76.8,10.0,60.1
2799,23,10.0,79.4,8.0,46.9
2800,22,5.9,70.3,6.0,90.1
2801,24,3.6,81.1,3.0,69.8
2802,18,10.0,71.6,5.0,77.3
2803,18,9.7,87.5,10.0,72.4
2804,20,5.0,78.8,9.0,82.6
2805,24,3.3,78.4,6.0,59.1
2806,21,8.5,99.3,4.0,48.2
2807,23,7.4,75.7,7.0,41.1
2808,20,7.2,74.5,5.0,66.7
2809,21,9.0,72.7,8.0,94.5
2810,19,7.2,95.8,9.0,58.3
2811,23,3.6,79.9,4.0,51.8
2812,19,7.2,84.0,3.0,95.6
2813,24,3.8,67.2,6.0,46.3
2814,22,7.8,81.6,4.0,43.1
2815,23,6.6,71.0,5.0,92.8
2816,21,1.7,89.2,9.0,82.1
2817,22,5.6,93.3,4.0,65.3
2818,18,4.1,88.6,3.0,85.1
2819,21,4.0,89.2,7.0,84.5
2820,20,6.4,80.5,10.0,42.4
2821,18,3.9,88.5,6.0,80.6
2822,18,8.0,76.9,5.0,78.5
2823,20,1.6,86.1,9.0,97.8
2824,23,6.9,70.4,10.0,98.0
2825,18,8.3,62.8,6.0,62.7
2826,24,7.1,76.5,6.0,75.4
2827,21,5.5,78.5,8.0,48.5
2828,22,9.6,70.3,6.0,44.0
2829,18,3.7,89.1,4.0,66.0
2830,21,1.2,62.9,4.0,81.4
2831,19,4.9,68.9,10.0,74.1
2832,21,1.3,89.9,7.0,65.8
2833,22,9.6,77.5,3.0,89.1
2834,21,2.9,88.2,9.0,87.7
2835,20,8.1,82.7,10.0,83.9
2836,22,,98.0,9.0,44.6
2837,23,3.0,83.9,10.0,87.8
2838,19,6.6,60.6,5.0,95.2
2839,20,1.4,74.1,4.0,43.6
2840,23,5.4,65.7,6.0,64.1
2841,21,1.1,97.0,3.0,99.3
2842,22,9.3,64.2,10.0,76.0
2843,19,9.8,75.5,5.0,70.8
2844,20,3.0,69.0,9.0,50.6
2845,23,2.9,93.9,5.0,73.9
2846,23,7.8,72.3,5.0,66.3
2847,19,3.3,99.7,9.0,47.6
2848,24,9.1,61.5,5.0,67.9
2849,21,6.2,65.1,7.0,49.9
2850,19,4.2,69.0,5.0,83.8
2851,23,8.5,92.4,3.0,98.4
2852,18,5.4,95.1,10.0,68.2
2853,20,9.2,62.9,4.0,77.9
2854,19,9.4,61.3,3.0,65.9
2855,24,2.5,89.8,6.0,48.3
2856,23,1.0,65.3,8.0,98.2
2857,21,9.9,65.3,7.0,47.8
2858,23,9.2,60.9,7.0,46.7
2859,21,1.5,62.0,6.0,67.6
2860,19,8.5,70.5,9.0,79.5
2861,21,5.1,62.6,3.0,61.3
2862,22,3.3,74.8,3.0,51.6
2863,22,8.9,93.3,6.0,89.1
2864,22,2.8,73.1,9.0,61.8
2865,24,9.5,89.1,8.0,51.7
2866,24,2.9,63.8,5.0,61.9
2867,18,6.5,86.4,9.0,52.9
2868,24,3.0,72.7,10.0,71.2
2869,19,5.9,90.0,5.0,80.1
2870,23,7.2,65.5,10.0,88.0
2871,23,2.7,95.9,4.0,53.7
2872,18,5.7,69.7,3.0,50.0
2873,24,5.2,74.1,3.0,41.2
2874,21,1.6,98.0,6.0,53.7
2875,18,8.4,83.1,6.0,41.4
2876,21,4.0,74.6,5.0,60.7
2877,21,6.2,98.0,9.0,48.7
2878,20,5.6,73.2,3.0,74.8
2879,23,5.6,63.8,3.0,63.0
2880,22,2.0,99.9,7.0,45.6
2881,24,4.8,70.7,10.0,64.0
2882,21,5.1,94.1,4.0,52.6
2883,20,7.6,66.6,4.0,80.8
2884,23,8.6,89.3,10.0,61.9
2885,22,5.9,81.0,5.0,48.8
2886,21,1.8,99.2,8.0,61.0
2887,21,3.1,82.1,9.0,53.5
2888,18,2.5,61.0,3.0,87.7
2889,18,2.1,84.2,7.0,99.0
2890,23,4.3,65.8,9.0,41.5
2891,22,3.1,91.9,3.0,81.4
2892,21,3.0,94.3,6.0,55.8
2893,23,1.5,79.3,9.0,44.0
2894,23,1.2,91.3,5.0,40.9
2895,19,1.9,65.8,9.0,92.9
2896,24,2.5,79.7,8.0,61.2
2897,18,4.9,75.8,9.0,99.7
2898,22,5.6,84.5,9.0,66.5
2899,21,2.3,61.8,9.0,51.3
2900,23,4.8,90.1,4.0,86.6
2901,21,4.1,63.2,3.0,95.6
2902,19,2.7,86.3,8.0,88.9
2903,22,1.1,60.7,10.0,84.7
2904,23,5.2,93.3,5.0,60.1
2905,21,7.2,67.0,10.0,43.9
2906,18,3.0,80.6,4.0,52.1
2907,24,,70.5,3.0,66.8
2908,19,9.0,88.9,7.0,97.4
2909,22,3.5,72.9,5.0,83.4
2910,19,3.0,89.0,3.0,89.7
2911,18,8.7,71.4,4.0,56.6
2912,22,,90.1,4.0,81.0
2913,19,5.0,61.2,7.0,91.7
2914,20,5.4,71.3,5.0,68.8
2915,18,3.0,79.9,5.0,65.8
2916,18,1.7,61.8,8.0,83.2
2917,18,6.2,67.4,3.0,73.6
2918,20,1.9,97.4,8.0,99.6
2919,20,5.0,99.1,4.0,65.5
2920,21,9.5,89.6,10.0,
2921,23,9.6,70.1,4.0,68.3
2922,24,3.2,70.4,9.0,54.1
2923,19,,85.8,7.0,73.7
2924,21,5.3,64.7,7.0,47.5
2925,19,8.9,97.9,10.0,97.0
2926,24,3.4,69.0,10.0,91.6
2927,23,1.0,100.0,5.0,49.3
2928,20,2.5,79.8,10.0,50.3
2929,23,4.1,90.9,8.0,70.7
2930,20,3.8,60.1,4.0,86.4
2931,24,8.1,95.5,9.0,53.1
2932,23,7.1,70.8,3.0,43.7
2933,21,3.7,86.7,9.0,72.7
2934,22,5.1,92.3,6.0,81.5
2935,21,1.9,66.6,3.0,54.7
2936,19,9.1,77.7,7.0,84.4
2937,21,9.4,79.8,3.0,97.0
2938,24,9.8,72.5,10.0,48.2
2939,18,8.8,79.3,4.0,70.7
2940,19,2.6,72.7,8.0,43.4
2941,23,1.4,74.4,10.0,52.4
2942,19,6.2,86.8,10.0,45.4
2943,22,9.2,85.3,9.0,
2944,20,2.6,69.3,5.0,89.2
2945,23,1.1,95.9,8.0,74.6
2946,19,8.2,94.5,6.0,53.4
2947,23,1.7,80.4,5.0,42.4
2948,23,4.7,77.3,6.0,73.2
2949,23,7.1,75.1,6.0,48.0
2950,20,3.1,88.3,4.0,60.6
2951,24,1.8,86.9,4.0,70.6
2952,21,7.9,67.8,10.0,94.2
2953,23,6.7,86.9,7.0,44.9
2954,18,9.9,70.1,7.0,80.1
2955,24,4.1,60.7,6.0,40.8
2956,22,1.6,88.0,8.0,77.8
2957,20,7.6,85.8,7.0,73.1
2958,19,5.7,76.4,4.0,88.7
2959,20,2.9,81.0,7.0,71.9
2960,19,8.0,97.9,6.0,61.2
2961,20,2.8,83.8,9.0,54.6
2962,19,3.3,86.3,5.0,45.1
2963,23,1.8,62.6,8.0,72.1
2964,21,4.6,66.6,8.0,93.3
2965,19,4.8,,3.0,70.9
2966,19,5.6,81.6,10.0,84.3
2967,18,7.4,91.1,7.0,57.9
2968,19,9.2,72.8,10.0,66.9
2969,18,2.2,74.3,10.0,59.5
2970,22,1.5,70.2,8.0,46.6
2971,23,1.2,70.2,9.0,65.0
2972,18,2.3,98.0,9.0,85.9
2973,21,6.9,85.4,4.0,63.7
2974,24,7.5,66.2,5.0,79.0
2975,23,8.1,88.9,4.0,85.5
2976,18,3.2,88.9,7.0,59.4
2977,23,3.8,86.7,6.0,87.9
2978,23,5.3,65.4,9.0,60.3
2979,23,1.6,76.3,9.0,55.4
2980,22,6.5,64.3,3.0,53.3
2981,21,9.9,92.7,3.0,52.0
2982,20,4.2,86.2,9.0,84.2
2983,20,7.8,80.3,5.0,93.3
2984,18,5.5,73.7,8.0,53.8
2985,23,2.2,67.4,8.0,45.1
2986,18,6.2,64.3,9.0,58.8
2987,22,3.7,98.8,8.0,79.5
2988,22,1.3,68.0,3.0,62.1
2989,19,6.7,62.4,6.0,73.0
2990,22,8.7,98.5,8.0,84.7
2991,19,4.1,82.0,10.0,64.5
2992,21,4.5,91.9,4.0,100.0
2993,18,9.0,61.8,9.0,57.9
2994,24,8.3,82.7,8.0,98.7
2995,21,7.4,75.9,10.0,52.2
2996,22,3.2,90.9,6.0,46.7
2997,21,,61.5,9.0,85.0
2998,21,2.4,76.1,10.0,82.1
2999,21,6.6,92.0,5.0,88.7
3000,22,1.3,80.9,5.0,60.6
3001,24,6.8,82.0,10.0,95.8
3002,23,3.5,63.9,3.0,47.2
3003,21,5.0,65.3,6.0,41.8
3004,19,4.1,87.1,10.0,58.0
3005,22,2.6,87.0,4.0,87.8
3006,21,6.6,99.2,6.0,80.4
3007,24,8.9,88.5,4.0,66.2
3008,23,9.6,79.7,4.0,55.4
3009,22,2.7,94.3,6.0,43.6
3010,20,7.5,64.2,9.0,60.3
3011,23,7.0,78.0,7.0,67.6
3012,19,4.1,71.5,6.0,81.2
3013,21,1.2,64.2,10.0,78.8
3014,24,7.2,90.5,9.0,96.8
3015,20,9.5,80.4,4.0,46.0
3016,24,6.7,82.3,9.0,60.2
3017,20,4.9,76.5,9.0,68.9
3018,22,5.7,78.4,,80.2
3019,20,2.8,64.6,10.0,69.7
3020,19,7.8,86.9,5.0,94.8
3021,19,7.7,77.3,5.0,76.5
3022,18,2.3,92.7,10.0,42.4
3023,19,8.9,67.9,10.0,46.8
3024,23,3.4,68.2,3.0,85.2
3025,20,9.8,85.8,5.0,82.9
3026,19,4.4,93.8,7.0,49.2
3027,22,2.6,78.9,4.0,43.5
3028,24,4.2,89.1,6.0,74.7
3029,24,5.0,100.0,6.0,78.1
3030,18,1.6,99.6,7.0,48.1
3031,24,6.2,89.8,5.0,68.4
3032,20,6.4,89.6,4.0,58.3
3033,18,7.7,69.9,5.0,95.9
3034,20,1.3,93.3,9.0,53.2
3035,22,5.9,76.2,3.0,84.0
3036,18,1.5,98.5,5.0,71.1
3037,21,,63.3,3.0,40.7
3038,23,1.5,77.4,10.0,71.0
3039,23,9.2,82.2,10.0,46.0
3040,20,7.3,76.2,6.0,79.5
3041,24,5.6,68.4,4.0,73.9
3042,21,5.0,83.7,8.0,40.6
3043,18,2.2,90.2,9.0,52.3
3044,21,3.6,85.8,3.0,86.6
3045,21,8.8,69.4,5.0,56.5
3046,24,9.1,89.3,10.0,70.0
3047,18,1.0,70.3,9.0,58.7
3048,22,6.3,67.0,5.0,95.3
3049,24,7.5,87.6,9.0,
3050,21,6.6,93.7,6.0,81.8
3051,21,1.7,79.3,7.0,45.0
3052,22,3.0,81.3,9.0,42.4
3053,21,3.3,72.1,10.0,55.6
3054,21,8.5,79.8,8.0,58.5
3055,21,5.2,65.3,7.0,81.3
3056,23,5.4,98.2,10.0,74.1
3057,24,,92.0,5.0,62.5
3058,19,6.7,86.7,10.0,79.2
3059,24,9.1,81.5,7.0,49.8
3060,22,5.1,91.7,9.0,43.8
3061,21,2.3,79.8,8.0,91.3
3062,24,9.4,72.0,8.0,73.8
3063,23,5.1,66.4,4.0,78.9
3064,22,2.6,85.9,10.0,58.4
3065,20,3.7,97.2,7.0,62.3
3066,24,1.5,66.1,4.0,44.9
3067,20,5.2,67.2,5.0,91.4
3068,21,8.7,77.3,5.0,75.5
3069,23,9.4,92.3,5.0,45.0
3070,23,9.4,71.8,6.0,88.3
3071,24,2.1,70.2,7.0,66.6
3072,22,4.4,84.8,3.0,85.9
3073,22,1.3,81.4,8.0,40.8
3074,23,8.7,62.4,3.0,41.7
3075,22,4.2,63.3,5.0,50.2
3076,23,6.7,85.7,9.0,52.7
3077,24,7.4,78.6,10.0,85.8
3078,19,4.9,98.8,9.0,82.4
3079,23,3.8,87.1,7.0,77.0
3080,20,9.7,60.4,9.0,93.1
3081,22,9.7,79.2,4.0,54.8
3082,23,3.6,,10.0,94.3
3083,23,5.3,64.3,10.0,94.6
3084,24,9.8,96.9,3.0,66.1
3085,22,1.0,92.2,9.0,45.7
3086,19,4.7,69.2,5.0,83.6
3087,24,1.9,70.2,3.0,60.2
3088,19,5.6,61.3,3.0,87.7
3089,24,1.2,71.9,8.0,49.8
3090,22,4.7,83.4,3.0,72.4
3091,18,3.0,76.8,5.0,70.5
3092,22,5.8,98.8,8.0,46.0
3093,22,10.0,62.2,10.0,61.8
3094,19,8.2,83.7,5.0,45.1
3095,19,8.6,94.3,6.0,67.9
3096,22,6.7,79.2,10.0,90.6
3097,22,1.4,60.1,10.0,56.2
3098,22,2.9,69.7,9.0,85.9
3099,19,9.3,73.0,6.0,51.0
3100,22,4.3,98.6,9.0,80.4
3101,22,1.9,96.5,6.0,94.9
3102,21,7.3,98.0,3.0,59.4
3103,18,3.7,93.0,7.0,94.0
3104,20,3.4,74.1,5.0,70.3
3105,18,10.0,96.2,6.0,59.0
3106,21,8.7,99.3,10.0,93.8
3107,20,4.7,74.0,10.0,41.9
3108,24,9.8,70.4,7.0,41.7
3109,22,6.9,81.9,6.0,76.0
3110,21,7.7,67.5,10.0,87.8
3111,24,1.3,61.3,9.0,85.1
3112,22,2.1,97.8,6.0,44.8
3113,19,6.7,97.0,7.0,97.0
3114,23,9.1,66.5,6.0,82.2
3115,21,6.6,76.3,3.0,96.9
3116,19,2.2,93.2,3.0,59.7
3117,21,2.0,86.4,8.0,81.6
3118,21,8.6,75.8,3.0,91.6
3119,19,2.3,89.8,4.0,62.8
3120,20,5.7,95.9,8.0,97.9
3121,18,1.3,97.0,6.0,55.9
3122,22,1.7,75.2,4.0,58.9
3123,21,7.1,66.9,5.0,95.2
3124,22,7.2,96.5,7.0,98.2
3125,23,4.1,63.7,5.0,57.1
3126,19,2.9,88.9,4.0,48.2
3127,22,8.3,65.6,10.0,85.5
3128,19,3.0,75.6,3.0,95.8
3129,22,5.9,76.5,9.0,76.0
3130,18,9.7,66.4,6.0,78.1
3131,18,2.3,96.9,8.0,85.8
3132,18,9.5,60.1,10.0,49.2
3133,18,2.6,95.8,9.0,98.4
3134,18,6.1,95.4,10.0,61.9
3135,18,4.4,72.7,9.0,77.7
3136,19,9.7,88.2,6.0,68.1
3137,21,3.5,70.1,3.0,68.1
3138,22,4.6,90.4,6.0,82.2
3139,18,9.8,82.4,7.0,99.7
3140,19,5.8,72.0,9.0,79.5
3141,19,5.5,76.0,7.0,87.6
3142,19,3.3,87.6,10.0,41.7
3143,21,7.3,96.2,7.0,88.6
3144,22,1.1,65.2,5.0,58.0
3145,21,1.4,82.9,10.0,47.6
3146,20,6.4,70.1,3.0,46.8
3147,24,4.1,92.1,7.0,80.8
3148,19,9.6,62.8,4.0,99.9
3149,20,9.1,,7.0,80.0
3150,23,7.4,67.0,8.0,55.7
3151,18,8.4,83.9,5.0,52.2
3152,24,7.0,93.4,4.0,71.6
3153,18,2.1,90.2,9.0,43.9
3154,21,7.9,90.1,3.0,64.0
3155,24,2.9,80.7,3.0,80.0
3156,22,3.9,95.6,8.0,98.1
3157,20,8.4,83.5,9.0,65.5
3158,22,5.8,96.7,7.0,52.0
3159,21,8.7,81.9,4.0,89.0
3160,18,2.9,80.2,8.0,84.7
3161,24,6.5,68.9,4.0,91.6
3162,22,1.8,81.8,7.0,52.9
3163,22,6.8,65.6,9.0,64.3
3164,18,7.9,94.8,7.0,98.9
3165,24,6.3,87.0,6.0,49.5
3166,20,3.4,99.7,6.0,80.3
3167,18,1.3,63.7,7.0,54.2
3168,22,2.1,69.6,5.0,70.0
3169,20,6.6,95.1,8.0,88.0
3170,20,9.4,75.8,6.0,69.3
3171,18,2.9,78.7,10.0,88.3
3172,22,7.6,94.4,7.0,65.6
3173,21,8.8,80.9,10.0,100.0
3174,22,5.7,67.7,10.0,66.1
3175,19,7.0,95.7,4.0,49.0
3176,24,8.3,61.2,8.0,64.1
3177,23,3.3,95.8,9.0,84.6
3178,21,3.7,62.0,6.0,90.9
3179,20,1.0,86.6,9.0,67.6
3180,21,9.7,62.9,5.0,75.7
3181,24,9.3,88.2,8.0,90.7
3182,20,7.9,61.4,8.0,88.8
3183,24,1.7,93.7,3.0,79.5
3184,20,5.0,78.6,4.0,88.9
3185,21,1.9,63.7,5.0,74.6
3186,20,1.1,88.3,10.0,40.3
3187,20,6.5,79.6,,42.5
3188,19,9.6,67.6,9.0,98.8
3189,22,9.1,60.6,5.0,48.7
3190,22,7.3,76.7,4.0,64.3
3191,23,1.9,63.4,5.0,96.0
3192,23,3.5,63.8,3.0,51.7
3193,19,3.9,70.7,6.0,90.6
3194,23,7.9,85.2,4.0,89.1
3195,24,8.2,81.2,5.0,99.2
3196,21,4.5,62.8,7.0,56.9
3197,18,4.8,98.7,6.0,58.9
3198,24,1.4,95.5,9.0,94.2
3199,18,3.6,70.4,10.0,54.0
3200,18,5.1,64.9,8.0,72.9
3201,19,2.1,97.7,4.0,82.4
3202,24,,78.4,7.0,56.3
3203,19,8.7,72.4,8.0,96.3
3204,20,6.2,79.6,7.0,79.9
3205,18,1.7,90.9,5.0,42.8
3206,21,2.7,66.7,10.0,48.1
3207,23,,90.7,4.0,51.4
3208,21,4.3,90.0,10.0,54.7
3209,23,4.2,81.6,10.0,83.8
3210,18,5.8,,9.0,45.3
3211,18,6.3,65.3,5.0,61.0
3212,18,8.2,83.8,8.0,94.7
3213,19,4.1,78.0,9.0,73.4
3214,24,8.2,76.9,10.0,55.9
3215,23,4.0,70.1,3.0,97.4
3216,24,1.5,74.9,7.0,54.7
3217,19,6.0,64.3,3.0,94.3
3218,19,6.3,70.1,8.0,83.5
3219,22,9.4,70.9,5.0,84.4
3220,21,7.5,88.8,9.0,85.9
3221,21,9.3,61.9,9.0,70.4
3222,20,9.2,86.0,9.0,88.9
3223,19,6.4,68.9,6.0,90.2
3224,23,5.7,63.3,7.0,61.6
3225,22,6.0,72.0,6.0,64.0
3226,22,9.8,69.0,4.0,93.3
3227,24,8.0,82.1,7.0,71.5
3228,21,2.0,74.3,3.0,92.0
3229,19,8.0,98.6,6.0,77.6
3230,20,2.5,98.5,8.0,75.6
3231,19,5.0,77.7,4.0,41.9
3232,24,2.9,91.8,7.0,56.7
3233,18,7.2,60.5,9.0,70.1
3234,19,8.9,81.9,8.0,
3235,24,3.6,89.7,10.0,77.8
3236,18,1.7,68.7,4.0,83.0
3237,18,3.7,62.4,3.0,79.4
3238,20,7.1,66.2,9.0,90.9
3239,23,4.0,77.7,8.0,57.7
3240,21,3.5,80.3,7.0,78.5
3241,19,2.7,75.2,4.0,43.1
3242,18,5.5,77.6,5.0,68.8
3243,19,3.5,78.8,10.0,56.1
3244,23,7.6,90.8,7.0,62.9
3245,21,,64.2,7.0,61.3
3246,23,7.0,90.8,9.0,43.6
3247,21,3.1,87.5,7.0,68.0
3248,22,5.4,89.7,9.0,99.7
3249,21,3.6,89.4,7.0,
3250,20,7.5,78.8,5.0,84.2
3251,23,9.5,68.5,8.0,72.9
3252,18,9.3,81.5,8.0,59.5
3253,22,6.3,98.3,8.0,45.4
3254,20,5.2,83.5,3.0,53.0
3255,19,8.4,60.4,5.0,86.9
3256,23,7.1,62.4,5.0,56.7
3257,24,2.7,99.7,10.0,48.7
3258,24,8.4,,4.0,59.9
3259,18,4.9,61.8,6.0,75.0
3260,21,2.7,74.1,8.0,82.2
3261,18,3.5,98.8,6.0,63.2
3262,24,3.4,72.7,4.0,69.9
3263,19,5.7,76.4,5.0,67.3
3264,22,3.1,85.4,4.0,40.5
3265,22,2.1,61.0,7.0,63.7
3266,23,2.1,95.9,4.0,75.2
3267,22,6.2,80.8,4.0,74.2
3268,23,7.6,78.7,9.0,85.0
3269,23,3.9,94.4,7.0,80.2
3270,23,1.3,98.1,9.0,56.6
3271,24,2.1,76.9,6.0,55.3
3272,24,9.2,66.9,10.0,67.8
3273,21,5.4,92.6,7.0,84.0
3274,20,5.1,76.1,10.0,45.6
3275,23,1.3,97.4,3.0,96.9
3276,23,7.6,98.0,4.0,72.6
3277,20,5.8,64.6,10.0,58.4
3278,18,2.8,98.3,4.0,81.6
3279,23,2.0,74.7,9.0,42.7
3280,21,4.5,85.9,6.0,69.1
3281,22,8.5,61.4,9.0,69.2
3282,22,8.8,95.6,5.0,49.7
3283,19,6.4,85.7,7.0,90.2
3284,19,7.5,85.7,5.0,87.8
3285,22,2.0,96.1,3.0,49.2
3286,22,6.3,80.3,7.0,61.8
3287,24,7.0,76.4,3.0,46.0
3288,21,2.8,94.6,3.0,90.9
3289,20,8.9,89.7,3.0,59.4
3290,19,2.8,98.0,8.0,66.4
3291,24,3.8,97.6,7.0,59.4
3292,24,6.6,75.3,10.0,58.6
3293,20,6.7,77.9,7.0,84.8
3294,24,7.3,70.2,8.0,84.9
3295,21,2.0,86.4,6.0,71.1
3296,22,8.6,74.6,10.0,79.5
3297,23,5.8,91.4,8.0,70.7
3298,20,5.2,64.9,10.0,41.7
3299,22,9.8,64.7,4.0,44.0
3300,22,7.7,68.2,5.0,63.0
3301,18,2.1,63.4,5.0,85.0
3302,20,7.8,84.8,3.0,94.8
3303,24,1.9,65.9,7.0,41.8
3304,23,,66.4,7.0,62.1
3305,20,4.6,60.6,3.0,53.4
3306,24,9.9,91.3,4.0,88.9
3307,22,2.6,92.5,5.0,90.8
3308,23,7.1,66.5,8.0,52.4
3309,24,2.6,89.6,6.0,82.6
3310,21,7.5,77.3,10.0,83.9
3311,24,5.5,69.6,10.0,50.6
3312,18,7.1,84.9,10.0,66.0
3313,22,2.8,67.1,10.0,77.2
3314,24,7.7,90.3,9.0,41.6
3315,19,10.0,61.9,4.0,64.3
3316,19,7.0,98.4,10.0,49.3
3317,18,5.4,62.9,7.0,72.5
3318,21,9.3,83.2,9.0,90.6
3319,22,1.1,96.1,3.0,71.5
3320,20,7.6,60.5,5.0,42.2
3321,18,9.0,79.9,9.0,41.8
3322,21,1.6,74.0,3.0,76.3
3323,20,5.1,83.2,7.0,59.7
3324,19,2.8,69.0,10.0,74.4
3325,19,6.1,62.6,3.0,49.8
3326,20,6.8,85.0,8.0,86.6
3327,18,3.7,76.7,9.0,91.6
3328,19,5.1,84.9,9.0,93.4
3329,22,3.5,68.4,10.0,58.2
3330,23,4.3,,5.0,79.6
3331,24,2.4,82.5,3.0,56.7
3332,20,9.0,83.7,5.0,85.8
3333,20,1.1,74.9,9.0,47.2
3334,19,8.9,71.2,3.0,85.8
3335,18,6.1,70.9,3.0,66.4
3336,22,4.0,67.0,5.0,91.3
3337,18,7.5,73.0,8.0,84.3
3338,21,5.6,68.0,3.0,62.6
3339,21,5.5,85.4,8.0,94.2
3340,23,2.0,82.8,4.0,57.0
3341,19,4.5,75.3,6.0,98.0
3342,19,3.2,73.0,4.0,86.0
3343,19,1.1,69.5,6.0,99.4
3344,23,4.2,81.4,4.0,43.2
3345,21,1.8,96.8,6.0,56.4
3346,18,3.3,87.4,3.0,84.5
3347,23,1.8,89.8,5.0,95.3
3348,23,1.9,93.4,5.0,41.7
3349,18,2.8,74.1,10.0,40.0
3350,19,10.0,62.5,7.0,55.4
3351,22,1.0,84.9,10.0,91.2
3352,18,6.7,67.5,6.0,86.0
3353,21,2.3,82.8,7.0,60.4
3354,20,9.3,89.6,8.0,40.1
3355,20,1.8,91.3,8.0,73.3
3356,24,9.6,72.1,7.0,54.3
3357,24,6.5,80.5,6.0,84.7
3358,23,1.0,84.8,5.0,66.8
3359,20,9.0,92.8,6.0,80.7
3360,22,5.7,90.5,8.0,91.1
3361,19,3.4,99.5,3.0,72.1
3362,21,7.9,60.3,7.0,60.2
3363,24,9.3,77.5,7.0,86.2
3364,22,5.4,70.2,8.0,55.9
3365,21,,64.8,6.0,93.5
3366,21,8.1,96.5,7.0,44.3
3367,19,7.1,99.9,5.0,90.1
3368,23,9.0,67.2,7.0,45.5
3369,20,7.2,61.5,6.0,43.4
3370,19,3.2,71.0,8.0,61.8
3371,22,9.4,93.4,5.0,97.4
3372,23,1.9,71.8,5.0,99.0
3373,22,3.4,62.3,7.0,52.1
3374,23,5.7,62.1,6.0,48.9
3375,24,6.1,77.1,7.0,61.2
3376,22,1.1,97.3,9.0,60.2
3377,19,8.0,71.4,3.0,85.6
3378,23,4.3,,10.0,66.6
3379,23,4.7,64.1,8.0,86.8
3380,21,8.3,79.7,9.0,84.9
3381,21,4.4,87.9,10.0,74.7
3382,18,1.4,70.8,3.0,90.0
3383,22,2.6,71.9,5.0,51.7
3384,21,9.6,93.7,7.0,49.7
3385,18,1.6,60.4,3.0,85.0
3386,24,4.2,85.5,4.0,54.7
3387,24,5.5,75.8,3.0,40.2
3388,21,5.4,71.9,7.0,94.7
3389,22,1.0,86.3,10.0,77.4
3390,23,5.5,93.4,7.0,66.7
3391,20,4.5,82.3,8.0,83.5
3392,22,9.7,61.2,3.0,60.0
3393,19,2.4,78.5,7.0,97.2
3394,24,4.2,78.5,7.0,44.1
3395,21,4.8,81.8,9.0,78.5
3396,21,4.5,86.8,8.0,86.6
3397,23,7.0,60.8,9.0,68.1
3398,19,2.9,80.1,8.0,85.3
3399,23,3.0,83.5,8.0,95.6
3400,19,7.6,73.7,10.0,84.6
3401,20,5.5,86.7,9.0,58.6
3402,24,4.7,69.1,8.0,73.7
3403,21,2.5,72.7,4.0,94.7
3404,21,2.7,98.5,10.0,66.9
3405,20,1.1,73.9,5.0,80.9
3406,18,1.8,73.9,7.0,67.9
3407,24,6.0,83.8,6.0,47.3
3408,23,9.0,98.8,8.0,43.5
3409,20,3.6,99.3,5.0,97.1
3410,23,3.9,83.2,8.0,76.8
3411,22,2.0,60.0,10.0,46.2
3412,21,4.5,96.0,10.0,91.4
3413,23,1.3,82.8,5.0,71.4
3414,19,9.3,74.6,6.0,86.3
3415,23,7.1,93.2,10.0,47.6
3416,22,9.9,76.0,3.0,94.4
3417,24,8.9,61.4,4.0,75.4
3418,21,5.3,92.8,7.0,84.3
3419,20,5.7,81.8,3.0,41.9
3420,22,2.7,73.5,9.0,58.9
3421,21,5.2,70.0,6.0,56.0
3422,23,9.1,83.8,4.0,97.0
3423,24,1.5,68.3,4.0,51.1
3424,18,8.8,73.0,4.0,82.4
3425,24,4.1,85.5,6.0,42.6
3426,18,9.1,95.3,8.0,51.9
3427,19,9.5,,8.0,60.3
3428,24,7.0,90.4,10.0,87.7
3429,21,7.0,90.5,9.0,87.4
3430,18,5.1,86.6,8.0,97.2
3431,20,8.5,69.8,10.0,95.0
3432,21,9.7,94.7,3.0,44.9
3433,20,8.0,77.5,10.0,89.8
3434,24,6.6,61.8,7.0,67.1
3435,20,6.5,69.8,10.0,92.0
3436,18,8.6,90.6,4.0,45.4
3437,21,5.9,62.8,9.0,89.4
3438,23,8.2,65.9,9.0,49.6
3439,22,5.6,87.8,4.0,60.0
3440,18,1.6,95.7,3.0,41.7
3441,18,4.5,85.3,10.0,47.4
3442,23,5.0,68.9,8.0,66.7
3443,21,2.3,62.1,10.0,89.1
3444,21,1.9,84.6,4.0,86.4
3445,24,5.8,61.9,4.0,54.1
3446,20,1.8,84.5,6.0,49.1
3447,24,3.7,69.0,5.0,63.4
3448,23,7.7,96.2,9.0,93.0
3449,24,9.7,79.0,3.0,45.5
3450,23,7.5,69.0,10.0,72.6
3451,21,9.9,94.1,3.0,45.3
3452,20,7.3,70.2,8.0,68.2
3453,24,3.6,72.3,3.0,47.6
3454,18,7.0,93.4,8.0,44.8
3455,19,7.3,72.4,10.0,51.5
3456,22,4.3,76.4,6.0,55.3
3457,18,1.2,73.9,10.0,56.6
3458,21,7.3,64.7,6.0,78.7
3459,22,1.2,61.6,7.0,43.3
3460,19,6.7,89.0,8.0,44.8
3461,19,2.5,85.8,9.0,51.3
3462,20,6.1,71.3,6.0,92.3
3463,22,5.5,71.8,10.0,77.7
3464,20,1.1,97.8,8.0,83.8
3465,18,,99.5,9.0,62.2
3466,23,6.4,78.9,10.0,52.8
3467,23,8.6,92.1,9.0,42.3
3468,23,9.0,89.5,10.0,69.3
3469,22,5.4,71.9,3.0,74.5
3470,23,7.6,62.3,7.0,93.8
3471,18,3.8,65.7,5.0,
3472,20,4.1,93.5,4.0,65.5
3473,22,2.8,89.2,4.0,65.4
3474,20,6.1,86.6,7.0,49.7
3475,22,3.8,65.2,8.0,55.4
3476,20,1.8,85.6,8.0,95.5
3477,19,7.2,90.9,8.0,48.5
3478,20,7.4,94.4,5.0,98.1
3479,23,4.2,60.5,9.0,70.3
3480,19,1.7,87.4,4.0,67.4
3481,20,4.8,60.8,7.0,50.5
3482,22,5.0,88.3,8.0,79.7
3483,22,7.0,85.4,6.0,67.6
3484,22,3.8,65.9,3.0,62.2
3485,21,7.1,90.6,5.0,55.9
3486,18,8.8,62.7,10.0,44.0
3487,22,3.1,93.1,8.0,71.2
3488,19,9.8,70.5,4.0,58.8
3489,22,4.5,87.6,3.0,82.5
3490,21,3.4,96.9,7.0,83.4
3491,23,4.8,73.6,8.0,59.9
3492,19,1.8,80.1,4.0,80.1
3493,21,2.1,78.5,3.0,55.5
3494,23,4.7,66.3,,83.6
3495,24,7.9,83.6,5.0,41.0
3496,24,9.1,89.7,7.0,49.1
3497,19,7.0,96.7,10.0,54.7
3498,20,1.9,94.0,4.0,86.4
3499,18,7.0,80.4,9.0,44.0
3500,18,6.7,88.8,6.0,51.3
3501,21,8.3,92.0,5.0,61.5
3502,23,8.4,79.7,5.0,40.6
3503,18,8.8,64.6,9.0,85.7
3504,23,4.7,77.5,10.0,73.6
3505,23,7.3,93.7,6.0,94.0
3506,21,3.4,83.9,4.0,41.9
3507,21,10.0,89.0,5.0,56.3
3508,21,2.6,67.4,7.0,83.9
3509,18,1.1,98.6,3.0,80.5
3510,24,2.3,76.2,7.0,54.6
3511,21,8.0,86.1,10.0,75.7
3512,18,5.0,60.8,8.0,87.6
3513,21,5.0,65.1,10.0,42.0
3514,22,9.6,91.3,5.0,83.1
3515,23,9.3,98.7,3.0,55.1
3516,21,3.8,72.8,6.0,96.9
3517,19,2.9,61.5,3.0,72.3
3518,23,8.6,74.4,10.0,42.0
3519,23,9.2,60.7,3.0,64.2
3520,21,5.9,67.7,9.0,98.0
3521,24,6.7,90.1,3.0,83.8
3522,20,3.3,97.5,5.0,58.0
3523,24,8.2,63.5,9.0,74.5
3524,21,6.7,82.3,10.0,75.9
3525,23,5.5,70.2,10.0,41.4
3526,19,1.5,65.6,10.0,50.7
3527,23,9.2,68.8,9.0,73.1
3528,24,6.5,83.1,8.0,64.2
3529,19,2.7,62.6,8.0,51.4
3530,18,6.5,77.4,9.0,86.4
3531,22,7.1,65.4,9.0,69.3
3532,23,5.7,70.9,10.0,58.6
3533,21,7.5,67.6,10.0,49.7
3534,18,6.2,95.3,10.0,76.7
3535,22,9.5,88.3,4.0,80.0
3536,21,1.5,94.7,8.0,80.2
3537,20,2.0,75.3,5.0,53.2
3538,21,2.6,72.5,4.0,75.7
3539,19,7.2,75.2,6.0,94.3
3540,19,6.8,60.7,6.0,61.2
3541,20,9.0,89.0,6.0,52.6
3542,18,7.6,74.0,6.0,86.3
3543,22,5.6,72.5,6.0,50.6
3544,21,9.9,83.9,7.0,
3545,19,3.4,77.4,9.0,46.0
3546,18,8.5,99.2,5.0,56.1
3547,20,4.8,74.3,4.0,64.6
3548,24,6.8,84.6,6.0,43.8
3549,23,7.5,72.5,7.0,92.3
3550,24,6.7,99.6,10.0,70.8
3551,24,2.3,77.8,10.0,75.3
3552,19,5.0,85.4,8.0,62.3
3553,20,6.1,65.1,7.0,80.2
3554,21,8.6,89.3,7.0,65.9
3555,24,5.0,70.8,5.0,85.7
3556,24,9.3,77.9,6.0,89.3
3557,22,5.0,95.3,7.0,80.3
3558,19,5.9,98.8,9.0,69.5
3559,19,8.2,77.0,7.0,86.9
3560,21,6.2,93.4,6.0,69.7
3561,23,9.6,62.1,5.0,46.7
3562,18,6.9,93.9,7.0,47.0
3563,22,5.7,85.2,4.0,96.9
3564,19,1.2,79.5,3.0,52.8
3565,22,4.7,95.6,10.0,89.0
3566,19,3.7,93.8,8.0,54.8
3567,22,7.7,71.9,3.0,65.8
3568,20,2.9,91.7,3.0,79.3
3569,24,2.8,64.0,5.0,49.5
3570,19,2.7,92.9,10.0,84.2
3571,22,2.1,87.0,7.0,81.4
3572,18,3.8,63.5,3.0,72.6
3573,20,9.0,87.3,3.0,74.0
3574,20,8.0,83.2,10.0,46.3
3575,18,7.6,83.8,8.0,66.2
3576,22,8.2,71.6,6.0,45.2
3577,21,3.4,70.7,9.0,58.5
3578,18,9.0,90.5,9.0,94.0
3579,22,2.2,70.3,10.0,74.5
3580,18,4.0,77.9,7.0,84.6
3581,18,6.3,87.8,7.0,74.4
3582,19,1.9,63.2,8.0,51.7
3583,22,7.6,83.8,6.0,75.7
3584,21,4.5,83.6,10.0,85.3
3585,24,8.1,87.4,7.0,48.3
3586,19,5.4,74.8,9.0,89.0
3587,18,2.6,78.0,9.0,73.3
3588,24,7.6,73.2,4.0,40.3
3589,23,3.3,92.3,8.0,71.2
3590,24,5.4,65.2,5.0,63.7
3591,18,1.7,98.5,6.0,57.8
3592,18,6.6,85.4,8.0,86.3
3593,22,7.0,95.5,3.0,94.0
3594,22,4.4,77.0,10.0,85.8
3595,19,9.6,73.3,7.0,90.8
3596,21,8.9,96.0,,94.5
3597,19,7.4,64.0,9.0,94.8
3598,20,7.4,64.7,4.0,46.9
3599,18,3.3,72.0,5.0,67.4
3600,24,6.9,98.4,10.0,40.0
3601,23,2.8,85.3,8.0,70.4
3602,18,2.3,82.2,4.0,95.5
3603,18,10.0,88.2,8.0,51.9
3604,19,,76.7,10.0,78.4
3605,23,4.9,90.3,7.0,78.7
3606,23,3.6,75.7,7.0,49.6
3607,23,6.4,93.1,9.0,54.3
3608,19,1.4,70.7,4.0,67.7
3609,18,1.9,71.1,7.0,51.3
3610,19,1.3,,10.0,75.1
3611,22,5.5,77.2,8.0,69.1
3612,22,,85.9,9.0,71.2
3613,19,1.6,74.6,7.0,48.1
3614,23,7.5,69.2,10.0,71.0
3615,18,3.1,,10.0,43.0
3616,19,7.2,82.4,9.0,92.9
3617,19,9.8,65.7,3.0,60.6
3618,19,7.2,82.3,8.0,91.4
3619,20,8.9,72.8,10.0,82.1
3620,22,9.5,75.7,9.0,86.0
3621,24,5.4,71.2,6.0,58.9
3622,23,7.3,97.3,10.0,53.7
3623,21,8.7,87.3,7.0,64.4
3624,24,4.2,70.5,7.0,41.5
3625,23,3.4,85.8,8.0,95.1
3626,21,9.5,93.9,10.0,63.2
3627,20,7.5,76.1,5.0,99.3
3628,19,3.0,93.2,6.0,85.7
3629,20,5.0,66.2,9.0,44.8
3630,20,,92.9,6.0,79.6
3631,24,5.9,81.6,9.0,56.3
3632,18,6.8,68.9,10.0,54.6
3633,24,7.8,76.3,6.0,55.4
3634,22,6.6,99.5,4.0,95.0
3635,21,5.9,91.3,3.0,70.0
3636,19,7.7,83.0,3.0,80.2
3637,24,7.5,64.6,5.0,56.9
3638,21,6.7,76.7,6.0,71.4
3639,23,4.2,70.5,6.0,61.0
3640,21,4.7,62.8,7.0,59.3
3641,23,9.7,81.7,9.0,54.8
3642,24,2.0,95.6,8.0,64.5
3643,22,3.4,87.0,4.0,79.6
3644,24,5.4,70.0,4.0,53.3
3645,23,8.5,82.9,10.0,97.9
3646,21,2.5,97.7,5.0,47.5
3647,21,3.5,88.9,3.0,68.8
3648,23,1.6,87.6,10.0,45.1
3649,20,7.4,98.7,6.0,41.4
3650,22,3.1,92.0,8.0,95.4
3651,18,4.5,65.5,5.0,88.6
3652,19,5.0,73.9,9.0,81.6
3653,21,9.0,98.6,4.0,91.9
3654,19,4.7,79.6,4.0,88.2
3655,18,2.3,64.5,4.0,78.8
3656,24,5.7,78.3,6.0,90.8
3657,19,9.7,87.9,6.0,63.4
3658,18,6.5,99.9,6.0,73.2
3659,23,9.9,73.0,7.0,86.6
3660,20,8.6,80.6,3.0,45.1
3661,21,1.3,95.2,9.0,91.5
3662,18,6.9,74.2,4.0,49.4
3663,19,3.6,64.4,4.0,91.9
3664,21,6.0,98.0,10.0,58.7
3665,20,3.5,79.5,7.0,59.6
3666,23,4.1,80.1,4.0,44.4
3667,24,9.3,84.8,9.0,93.2
3668,21,2.9,60.1,4.0,50.5
3669,24,8.9,97.2,6.0,77.8
3670,18,1.3,74.5,6.0,78.6
3671,20,1.8,75.9,3.0,56.9
3672,19,8.7,67.0,9.0,99.1
3673,20,6.7,75.1,9.0,43.8
3674,20,7.7,92.2,4.0,76.5
3675,22,2.9,92.0,5.0,68.8
3676,20,5.8,97.4,4.0,54.7
3677,20,7.6,76.1,4.0,49.8
3678,21,6.6,88.3,3.0,84.2
3679,19,5.2,80.3,5.0,95.0
3680,21,9.6,92.2,10.0,46.5
3681,21,7.1,,4.0,51.6
3682,18,9.2,74.7,8.0,99.2
3683,21,7.6,73.5,8.0,40.9
3684,22,7.6,70.1,9.0,70.5
3685,22,1.7,83.1,9.0,71.0
3686,24,4.2,98.6,5.0,55.8
3687,18,8.7,68.0,8.0,79.8
3688,24,3.1,63.8,6.0,96.7
3689,24,2.0,64.8,6.0,67.0
3690,23,3.9,91.3,5.0,85.0
3691,19,3.0,74.0,10.0,78.8
3692,19,9.3,69.0,4.0,68.4
3693,21,8.8,74.1,9.0,43.0
3694,21,5.5,85.8,5.0,84.5
3695,23,1.6,81.9,8.0,61.8
3696,21,7.4,89.7,5.0,53.5
3697,19,6.6,73.6,8.0,96.9
3698,24,9.7,78.1,9.0,86.4
3699,20,6.0,64.1,6.0,97.7
3700,22,4.0,62.9,5.0,55.4
3701,20,5.7,78.5,9.0,90.1
3702,20,9.8,72.1,9.0,76.5
3703,19,7.3,84.5,7.0,98.9
3704,20,7.0,61.7,10.0,96.8
3705,23,3.2,64.9,8.0,98.4
3706,18,7.7,94.6,7.0,97.1
3707,21,7.8,82.7,6.0,40.5
3708,18,3.9,88.5,9.0,84.5
3709,24,5.4,93.7,9.0,56.3
3710,22,3.7,78.6,4.0,82.3
3711,21,3.3,90.4,8.0,98.8
3712,20,1.2,81.0,10.0,42.4
3713,22,3.6,68.9,10.0,74.0
3714,21,6.0,73.5,4.0,84.1
3715,23,1.0,79.6,6.0,55.2
3716,23,3.5,72.7,4.0,53.5
3717,23,8.9,73.4,9.0,43.6
3718,23,6.3,73.5,8.0,45.6
3719,20,6.5,64.9,3.0,79.4
3720,18,4.6,63.4,8.0,70.3
3721,21,7.1,61.9,8.0,41.8
3722,20,2.7,64.4,7.0,98.2
3723,23,8.4,73.7,3.0,79.4
3724,24,2.1,83.8,3.0,70.9
3725,18,6.9,67.5,3.0,56.4
3726,24,4.1,95.5,8.0,79.5
3727,22,7.7,92.3,6.0,61.9
3728,24,5.9,80.8,3.0,82.1
3729,22,5.1,89.0,5.0,81.0
3730,22,2.5,74.7,4.0,45.6
3731,23,6.7,61.5,6.0,94.6
3732,22,,96.2,5.0,69.2
3733,19,8.4,65.1,8.0,63.6
3734,21,1.5,97.9,8.0,97.3
3735,21,4.4,82.9,5.0,66.3
3736,23,,72.2,7.0,83.3
3737,19,5.5,79.8,7.0,79.3
3738,24,7.0,80.1,5.0,49.9
3739,20,9.2,60.9,10.0,99.5
3740,24,8.9,74.2,7.0,67.8
3741,20,5.5,89.6,4.0,63.7
3742,22,4.9,80.4,4.0,95.2
3743,18,4.1,69.8,10.0,71.8
3744,20,7.5,73.4,8.0,82.3
3745,18,3.6,94.5,7.0,90.8
3746,21,3.2,81.0,10.0,54.1
3747,18,4.2,81.1,3.0,50.2
3748,21,2.6,98.5,10.0,44.1
3749,19,7.3,72.8,5.0,93.8
3750,19,6.5,79.2,4.0,52.0
3751,23,5.3,92.5,10.0,58.5
3752,23,4.5,90.4,9.0,57.1
3753,22,9.2,70.6,7.0,58.3
3754,20,1.3,,9.0,80.1
3755,22,7.9,88.0,7.0,97.2
3756,21,9.1,70.3,10.0,59.8
3757,22,5.0,96.9,10.0,64.5
3758,18,6.0,65.2,4.0,86.3
3759,21,9.5,72.7,4.0,65.9
3760,23,2.9,62.2,10.0,95.6
3761,19,5.7,88.1,3.0,70.2
3762,23,5.3,95.7,7.0,60.9
3763,20,3.3,85.4,10.0,98.3
3764,21,8.4,97.5,7.0,65.5
3765,21,9.1,65.1,,53.9
3766,18,8.0,63.5,8.0,50.7
3767,20,2.8,93.5,3.0,99.7
3768,19,1.8,94.2,4.0,85.2
3769,24,6.4,93.2,9.0,64.5
3770,21,1.5,92.0,4.0,89.6
3771,21,7.1,74.5,5.0,72.8
3772,18,5.8,68.7,8.0,59.0
3773,22,7.0,97.2,4.0,84.6
3774,19,6.3,,7.0,84.8
3775,23,4.8,75.9,4.0,70.0
3776,20,2.8,88.0,10.0,42.7
3777,21,3.8,71.7,7.0,44.6
3778,21,5.7,92.8,7.0,87.3
3779,23,6.9,62.8,3.0,89.4
3780,19,8.0,91.6,4.0,80.7
3781,22,7.9,84.1,3.0,90.3
3782,21,9.8,82.9,9.0,83.2
3783,19,3.6,78.3,9.0,93.8
3784,23,1.6,71.1,8.0,49.0
3785,18,4.1,78.6,7.0,63.3
3786,22,7.7,78.0,10.0,67.8
3787,20,,83.4,10.0,57.9
3788,21,8.4,71.3,9.0,83.5
3789,19,5.9,63.1,8.0,94.7
3790,18,9.4,65.8,4.0,64.7
3791,20,9.5,88.0,8.0,96.5
3792,24,1.6,60.9,8.0,71.0
3793,19,5.1,94.3,4.0,71.4
3794,19,6.5,,3.0,76.0
3795,20,3.3,90.7,3.0,56.1
3796,18,4.7,93.4,7.0,63.0
3797,24,7.1,64.9,10.0,73.2
3798,23,3.0,92.9,7.0,96.5
3799,18,6.4,80.2,4.0,78.6
3800,22,7.3,95.4,4.0,60.0
3801,21,1.8,95.5,6.0,40.6
3802,20,5.5,61.0,6.0,98.9
3803,23,3.4,75.3,5.0,69.6
3804,24,7.5,81.1,10.0,96.3
3805,20,2.7,87.1,9.0,73.0
3806,20,9.0,71.4,7.0,76.3
3807,18,4.9,70.1,8.0,82.7
3808,21,2.8,75.3,9.0,59.3
3809,22,4.9,80.0,5.0,81.9
3810,19,4.7,98.0,9.0,71.6
3811,19,4.9,90.5,10.0,80.3
3812,20,6.3,77.2,10.0,90.1
3813,21,5.7,62.2,10.0,51.1
3814,24,2.3,66.7,5.0,76.8
3815,24,1.6,78.2,3.0,43.1
3816,23,7.6,92.6,8.0,46.1
3817,18,6.0,75.2,10.0,80.5
3818,21,4.2,81.5,3.0,44.3
3819,21,8.3,95.7,10.0,75.7
3820,18,4.5,96.6,6.0,53.2
3821,24,8.2,68.6,5.0,58.2
3822,24,3.8,61.7,9.0,47.8
3823,24,1.7,72.2,6.0,54.9
3824,20,9.4,87.8,8.0,89.3
3825,21,4.6,98.0,10.0,78.3
3826,19,8.1,63.1,8.0,97.0
3827,18,3.5,61.1,7.0,
3828,24,6.8,95.4,10.0,87.5
3829,23,8.9,89.9,4.0,81.9
3830,24,1.4,99.7,3.0,55.7
3831,24,8.5,75.9,7.0,83.8
3832,22,6.1,76.6,9.0,83.0
3833,20,6.5,66.9,7.0,67.6
3834,18,5.7,64.6,9.0,81.3
3835,22,8.9,83.1,3.0,66.7
3836,22,1.4,74.6,3.0,60.1
3837,23,3.3,63.2,8.0,68.0
3838,21,8.9,95.5,8.0,93.7
3839,23,7.8,67.9,5.0,63.1
3840,21,1.2,89.9,6.0,64.2
3841,21,5.7,71.3,8.0,76.5
3842,18,5.8,92.5,7.0,85.2
3843,24,4.6,64.7,5.0,84.1
3844,18,3.7,90.2,9.0,41.2
3845,20,7.1,63.9,5.0,81.2
3846,21,2.9,77.9,7.0,67.0
3847,22,8.2,89.4,8.0,71.4
3848,24,8.2,66.9,10.0,73.7
3849,19,4.7,71.4,9.0,83.9
3850,20,3.6,94.6,7.0,89.9
3851,18,3.6,95.4,4.0,78.8
3852,23,5.3,61.8,8.0,73.8
3853,20,7.5,66.7,6.0,62.4
3854,20,4.2,64.7,9.0,48.3
3855,24,6.5,67.2,7.0,97.5
3856,20,4.4,98.8,8.0,67.7
3857,20,,82.1,3.0,74.0
3858,19,1.2,78.7,4.0,85.1
3859,23,1.0,99.4,9.0,44.1
3860,23,3.0,82.3,9.0,91.3
3861,23,4.7,86.4,6.0,87.8
3862,21,8.7,73.3,8.0,86.5
3863,22,8.2,75.3,3.0,41.3
3864,23,3.4,83.8,8.0,71.6
3865,20,3.2,62.8,3.0,43.3
3866,20,3.0,70.2,6.0,73.1
3867,23,4.1,67.9,4.0,83.1
3868,24,5.5,60.6,9.0,47.3
3869,23,4.9,81.5,3.0,81.7
3870,20,3.0,82.4,5.0,67.0
3871,21,2.2,75.4,,88.7
3872,18,1.1,70.7,6.0,72.0
3873,18,2.4,86.1,7.0,60.2
3874,23,7.3,65.4,4.0,59.9
3875,19,3.2,80.7,5.0,93.8
3876,23,5.2,90.7,5.0,67.2
3877,24,6.3,,7.0,64.3
3878,23,9.0,90.1,3.0,42.4
3879,18,9.0,90.4,3.0,61.9
3880,20,7.7,62.4,10.0,91.0
3881,23,1.3,60.8,10.0,85.7
3882,20,6.2,99.0,5.0,53.3
3883,20,8.1,67.7,4.0,64.8
3884,19,1.2,92.9,3.0,51.8
3885,20,5.9,82.5,6.0,97.3
3886,18,8.7,70.6,8.0,75.9
3887,21,5.3,65.2,7.0,85.3
3888,21,1.0,,4.0,82.8
3889,22,1.1,76.3,3.0,92.4
3890,24,4.7,88.0,8.0,97.0
3891,23,2.4,96.2,5.0,41.9
3892,24,7.0,92.2,7.0,98.5
3893,18,7.4,71.0,3.0,92.2
3894,20,2.6,95.2,5.0,63.0
3895,21,9.0,93.3,3.0,90.2
3896,24,5.0,97.2,7.0,84.2
3897,18,2.3,78.3,6.0,87.6
3898,21,7.9,90.7,9.0,53.2
3899,20,8.1,83.7,6.0,78.9
3900,24,6.8,72.4,9.0,41.6
3901,21,8.7,99.8,8.0,90.9
3902,23,7.6,61.5,5.0,97.1
3903,23,8.9,66.5,9.0,79.7
3904,22,4.9,95.7,6.0,70.8
3905,22,7.7,62.4,7.0,83.5
3906,21,10.0,95.5,5.0,59.6
3907,18,7.5,88.6,3.0,77.6
3908,23,2.0,61.5,9.0,83.1
3909,18,5.7,77.2,10.0,48.6
3910,18,6.3,90.2,9.0,48.4
3911,21,2.6,83.3,4.0,83.0
3912,18,9.7,97.4,9.0,65.9
3913,23,2.6,94.7,9.0,93.4
3914,20,2.6,73.3,3.0,58.7
3915,22,9.2,63.4,7.0,42.5
3916,20,5.2,97.8,8.0,79.0
3917,18,1.6,80.7,5.0,81.1
3918,20,6.4,63.0,3.0,73.2
3919,23,6.4,92.7,5.0,81.0
3920,23,1.6,94.7,10.0,71.4
3921,18,9.8,85.6,,81.6
3922,21,,77.9,4.0,42.6
3923,20,6.0,86.5,10.0,62.1
3924,21,5.7,88.3,7.0,52.6
3925,21,6.5,95.7,3.0,46.0
3926,19,3.4,98.2,,54.0
3927,18,3.6,80.6,9.0,51.5
3928,22,5.6,91.9,7.0,98.4
3929,23,8.3,98.6,10.0,57.2
3930,23,1.4,66.0,7.0,53.9
3931,18,6.4,60.7,8.0,90.1
3932,24,8.3,94.8,10.0,65.1
3933,24,2.4,67.8,10.0,65.3
3934,24,1.1,61.7,6.0,66.6
3935,22,3.8,66.4,8.0,65.0
3936,23,6.3,75.4,8.0,59.6
3937,18,2.2,68.8,5.0,57.2
3938,23,4.8,72.2,5.0,92.9
3939,21,6.0,99.0,9.0,49.7
3940,20,6.4,88.2,4.0,50.9
3941,20,3.5,88.5,6.0,74.3
3942,23,4.6,63.8,10.0,60.6
3943,19,8.0,89.3,7.0,65.3
3944,22,9.5,89.6,9.0,88.4
3945,24,8.8,86.4,6.0,94.2
3946,22,6.1,69.1,6.0,87.4
3947,22,4.7,76.9,10.0,54.1
3948,21,4.0,93.9,10.0,98.8
3949,22,2.1,86.8,4.0,61.8
3950,20,2.0,89.3,5.0,
3951,21,7.2,83.5,10.0,70.0
3952,18,3.3,78.0,6.0,83.5
3953,22,3.3,90.4,6.0,45.0
3954,22,10.0,62.7,6.0,78.1
3955,18,2.7,86.9,3.0,91.5
3956,22,2.3,99.9,6.0,55.7
3957,18,1.9,91.2,6.0,81.6
3958,21,6.2,71.6,10.0,64.0
3959,20,6.7,71.1,7.0,64.8
3960,18,4.3,86.7,8.0,56.8
3961,19,5.8,95.8,3.0,77.5
3962,18,8.1,83.1,6.0,61.7
3963,22,8.4,81.1,8.0,89.9
3964,24,9.6,66.4,6.0,97.8
3965,24,8.4,88.6,4.0,96.1
3966,21,,88.1,10.0,49.8
3967,23,2.6,98.7,10.0,40.9
3968,21,1.9,72.0,4.0,66.3
3969,23,1.5,90.3,8.0,83.7
3970,24,7.0,77.4,10.0,98.6
3971,24,8.3,82.3,3.0,87.0
3972,18,5.6,92.7,7.0,74.8
3973,20,1.5,68.9,3.0,41.6
3974,19,5.8,73.7,3.0,89.5
3975,21,9.4,90.9,4.0,50.6
3976,22,6.4,82.8,4.0,43.3
3977,23,8.3,63.7,7.0,91.0
3978,22,8.2,77.2,9.0,74.0
3979,20,9.4,83.5,9.0,47.7
3980,23,7.9,96.4,9.0,63.2
3981,21,7.7,67.5,6.0,45.1
3982,18,3.1,92.2,7.0,78.3
3983,22,1.5,65.2,6.0,56.9
3984,20,5.7,69.7,8.0,92.0
3985,21,2.1,69.7,8.0,61.5
3986,24,9.7,95.1,5.0,69.7
3987,24,3.6,68.0,9.0,43.8
3988,21,8.7,91.5,4.0,56.5
3989,21,4.5,78.5,5.0,80.6
3990,21,3.9,100.0,5.0,
3991,23,9.4,93.6,4.0,54.6
3992,21,4.3,89.6,10.0,70.2
3993,22,,94.8,5.0,89.1
3994,20,2.0,,10.0,62.8
3995,23,7.0,93.7,9.0,48.0
3996,21,3.6,70.4,3.0,65.9
3997,19,6.3,63.9,10.0,76.0
3998,19,6.3,84.6,6.0,40.4
3999,20,7.5,77.4,9.0,60.9
4000,24,7.7,77.1,10.0,76.4
4001,18,,81.1,7.0,97.1
4002,18,4.0,74.5,4.0,64.5
4003,24,8.5,85.0,3.0,49.8
4004,23,,61.2,8.0,72.1
4005,23,5.6,98.8,7.0,57.1
4006,23,4.6,97.0,7.0,52.9
4007,18,8.7,97.4,10.0,75.4
4008,19,4.9,74.6,7.0,95.0
4009,18,4.5,81.3,5.0,90.1
4010,22,7.2,98.2,5.0,50.9
4011,21,6.4,96.1,5.0,86.0
4012,23,2.0,91.6,9.0,53.8
4013,19,5.6,76.3,10.0,57.4
4014,20,7.6,82.6,5.0,95.2
4015,20,9.9,91.7,3.0,94.7
4016,21,6.7,70.9,5.0,50.1
4017,19,4.3,85.1,10.0,43.9
4018,18,3.0,93.1,4.0,57.6
4019,18,,88.3,7.0,74.9
4020,22,8.3,79.2,3.0,92.6
4021,22,3.1,83.4,10.0,47.1
4022,18,2.8,99.5,8.0,64.9
4023,20,7.4,84.1,5.0,56.3
4024,23,3.8,91.4,8.0,40.9
4025,20,3.8,89.1,7.0,87.3
4026,22,2.4,88.1,3.0,88.8
4027,21,3.4,88.7,7.0,53.3
4028,18,4.8,78.2,8.0,49.1
4029,22,7.6,79.0,9.0,48.7
4030,22,4.0,78.7,3.0,67.8
4031,23,4.0,61.3,6.0,54.8
4032,18,3.6,69.6,9.0,70.7
4033,23,5.3,66.2,3.0,63.1
4034,18,2.6,95.5,5.0,52.7
4035,23,5.4,71.0,10.0,85.1
4036,20,7.3,65.5,8.0,49.0
4037,21,1.3,64.8,7.0,87.9
4038,21,1.1,,10.0,73.7
4039,18,1.7,60.2,7.0,89.9
4040,19,5.8,78.9,7.0,40.3
4041,24,8.7,64.8,4.0,85.0
4042,22,1.0,,4.0,43.1
4043,22,9.4,98.3,5.0,97.0
4044,18,2.0,98.4,6.0,82.2
4045,23,8.6,77.7,10.0,59.2
4046,19,5.3,85.8,4.0,59.2
4047,20,6.9,84.0,3.0,91.7
4048,23,5.6,74.0,9.0,94.2
4049,23,5.3,77.8,8.0,93.5
4050,18,8.5,62.6,5.0,88.5
4051,18,7.8,91.8,9.0,89.1
4052,22,5.4,69.6,6.0,74.4
4053,18,2.0,78.4,9.0,41.7
4054,18,2.0,,10.0,45.2
4055,18,8.2,82.4,3.0,79.0
4056,22,5.8,92.7,7.0,64.1
4057,20,5.3,87.7,4.0,74.0
4058,20,7.1,86.5,3.0,53.9
4059,24,8.7,81.1,6.0,79.0
4060,24,6.7,63.8,5.0,54.6
4061,18,7.9,76.1,9.0,67.6
4062,24,7.9,98.3,3.0,68.7
4063,22,4.2,99.8,10.0,50.7
4064,20,3.5,89.2,5.0,92.6
4065,23,8.2,69.1,7.0,71.5
4066,20,4.4,64.1,6.0,92.0
4067,20,9.1,76.6,6.0,55.8
4068,22,1.6,94.3,9.0,50.3
4069,24,1.5,88.9,4.0,41.1
4070,23,9.3,95.4,8.0,45.6
4071,22,6.8,84.6,6.0,48.8
4072,18,4.4,65.2,10.0,44.7
4073,21,7.8,64.6,3.0,93.8
4074,20,7.1,61.9,10.0,94.7
4075,21,5.8,82.7,3.0,96.2
4076,22,1.9,69.7,3.0,97.6
4077,22,8.3,89.4,7.0,69.5
4078,22,8.8,87.4,6.0,71.8
4079,21,2.5,72.7,6.0,47.8
4080,22,8.7,67.1,3.0,48.2
4081,18,8.9,64.1,9.0,86.4
4082,22,5.9,89.5,10.0,91.3
4083,19,6.9,78.0,4.0,87.1
4084,24,4.4,72.9,9.0,90.1
4085,21,3.5,94.3,4.0,56.6
4086,19,7.5,83.7,6.0,68.0
4087,22,8.8,80.7,9.0,67.6
4088,18,6.9,89.7,10.0,
4089,20,5.6,92.6,6.0,97.0
4090,23,2.4,87.4,5.0,75.9
4091,24,1.5,77.6,6.0,48.3
4092,23,5.0,75.2,9.0,55.5
4093,22,1.4,90.9,10.0,61.8
4094,24,,80.7,3.0,92.4
4095,24,4.4,88.2,8.0,50.2
4096,18,7.8,95.6,7.0,53.2
4097,24,3.8,96.6,10.0,61.0
4098,21,6.3,71.1,6.0,95.6
4099,19,5.8,67.5,6.0,70.2
4100,19,1.0,70.5,3.0,78.8
4101,19,1.7,90.1,10.0,63.2
4102,21,3.6,74.8,5.0,51.3
4103,23,8.9,,8.0,53.4
4104,18,2.3,63.9,10.0,88.2
4105,24,7.4,73.1,6.0,93.6
4106,21,9.8,65.4,4.0,69.6
4107,19,8.1,66.3,4.0,61.4
4108,22,3.2,87.4,4.0,88.5
4109,20,9.2,60.8,,80.4
4110,24,1.8,64.7,7.0,42.5
4111,21,5.2,93.8,10.0,61.0
4112,21,9.0,93.8,8.0,80.9
4113,18,6.8,73.2,6.0,74.4
4114,18,4.7,63.5,6.0,98.7
4115,21,3.6,88.2,6.0,92.0
4116,19,4.4,74.4,7.0,43.6
4117,20,5.6,61.8,8.0,83.5
4118,24,3.9,66.3,6.0,60.2
4119,18,9.7,65.5,3.0,80.9
4120,24,9.4,83.6,5.0,77.0
4121,19,8.8,95.9,9.0,70.2
4122,24,4.8,91.7,10.0,91.2
4123,22,7.2,81.9,10.0,82.5
4124,18,9.1,76.9,4.0,93.4
4125,19,8.7,84.7,4.0,56.9
4126,19,4.7,77.8,10.0,60.9
4127,20,2.0,69.8,,77.3
4128,20,1.7,87.2,6.0,98.0
4129,22,6.2,94.9,8.0,62.3
4130,19,6.8,74.9,8.0,41.9
4131,23,8.6,93.7,7.0,66.8
4132,19,3.6,77.2,6.0,72.6
4133,20,2.5,76.1,8.0,88.1
4134,23,4.4,61.1,6.0,83.7
4135,18,4.2,87.8,4.0,97.9
4136,18,2.2,92.3,9.0,87.0
4137,24,7.1,86.5,9.0,57.9
4138,21,5.6,,9.0,78.5
4139,20,7.5,64.1,4.0,80.3
4140,21,4.2,82.9,7.0,99.9
4141,23,3.9,76.1,9.0,48.3
4142,20,5.3,77.2,4.0,51.5
4143,22,8.9,98.7,6.0,49.3
4144,19,1.4,89.0,9.0,75.3
4145,22,8.2,76.5,3.0,48.1
4146,23,4.3,60.8,7.0,79.4
4147,20,8.7,61.4,3.0,88.2
4148,23,8.2,87.4,10.0,66.0
4149,19,4.1,93.5,6.0,73.6
4150,18,7.2,88.3,7.0,94.8
4151,18,2.4,76.2,3.0,74.2
4152,23,9.1,61.2,7.0,52.5
4153,21,4.6,98.7,6.0,60.6
4154,20,5.1,99.5,10.0,71.8
4155,20,7.4,82.0,8.0,49.3
4156,18,8.4,62.8,9.0,76.8
4157,24,3.1,81.6,10.0,100.0
4158,22,7.0,95.7,7.0,79.2
4159,24,4.5,87.2,9.0,62.3
4160,19,4.3,88.8,10.0,59.9
4161,22,7.2,63.4,9.0,95.9
4162,22,4.5,64.3,8.0,92.3
4163,23,4.1,65.1,6.0,68.3
4164,18,8.5,96.2,7.0,61.2
4165,24,1.9,81.0,7.0,82.6
4166,24,7.1,91.7,8.0,58.9
4167,18,3.2,64.6,4.0,47.2
4168,24,1.1,97.1,8.0,58.6
4169,18,2.5,92.8,8.0,66.1
4170,23,6.5,69.0,8.0,55.3
4171,21,7.4,95.0,6.0,
4172,22,1.2,70.5,,40.4
4173,23,1.3,68.2,5.0,77.9
4174,20,9.1,70.6,8.0,76.9
4175,19,1.7,96.4,7.0,51.3
4176,21,9.0,96.6,3.0,96.6
4177,20,3.1,73.2,4.0,64.6
4178,22,7.7,88.2,8.0,41.5
4179,24,,,8.0,53.2
4180,18,8.7,92.3,4.0,81.5
4181,22,7.3,71.9,8.0,52.1
4182,23,4.6,80.4,7.0,43.2
4183,19,1.7,86.7,5.0,77.1
4184,23,7.6,61.1,8.0,71.1
4185,21,6.6,75.1,4.0,85.7
4186,21,1.0,87.8,8.0,86.4
4187,19,1.1,70.1,6.0,97.6
4188,20,8.3,98.3,7.0,43.4
4189,20,3.3,61.2,7.0,42.3
4190,21,6.7,98.3,5.0,99.2
4191,21,5.1,68.7,10.0,78.7
4192,24,8.8,62.0,6.0,82.9
4193,18,9.3,71.7,6.0,45.8
4194,24,10.0,91.5,5.0,44.2
4195,24,2.4,90.1,9.0,49.6
4196,20,8.8,68.4,9.0,65.6
4197,19,3.4,67.9,10.0,46.6
4198,20,6.3,85.7,3.0,66.8
4199,18,5.6,,10.0,73.7
4200,23,1.2,91.7,9.0,40.0
4201,21,9.4,61.0,10.0,46.9
4202,21,1.7,84.4,8.0,62.5
4203,18,7.2,89.2,6.0,
4204,24,8.1,99.7,10.0,48.0
4205,19,8.2,87.2,3.0,53.9
4206,21,2.2,69.3,3.0,65.8
4207,22,5.0,64.3,7.0,82.9
4208,24,8.5,85.6,8.0,48.0
4209,21,3.7,80.9,7.0,84.3
4210,22,5.2,96.0,4.0,91.3
4211,18,3.5,89.1,9.0,79.1
4212,18,5.2,80.4,7.0,42.6
4213,24,9.0,76.1,6.0,66.4
4214,21,5.1,76.2,6.0,79.6
4215,20,6.0,69.1,8.0,98.7
4216,22,4.6,60.7,3.0,97.1
4217,19,5.1,83.0,6.0,63.7
4218,21,1.1,68.5,9.0,77.0
4219,19,3.6,68.3,7.0,93.4
4220,21,4.9,65.0,9.0,89.9
4221,20,6.7,67.6,10.0,68.8
4222,20,5.1,61.3,7.0,55.7
4223,24,4.0,87.0,8.0,48.2
4224,24,4.5,76.1,10.0,69.3
4225,20,3.2,82.5,9.0,83.4
4226,23,9.3,85.5,7.0,98.2
4227,20,5.7,98.9,9.0,91.7
4228,18,1.1,62.7,5.0,52.3
4229,18,1.2,76.7,8.0,83.2
4230,23,9.8,69.8,8.0,57.3
4231,22,3.0,79.1,6.0,81.0
4232,19,8.3,96.8,8.0,79.9
4233,21,1.5,89.0,4.0,56.3
4234,21,9.3,86.5,6.0,54.1
4235,23,8.9,77.6,6.0,46.2
4236,18,6.1,86.8,10.0,43.0
4237,24,1.1,61.3,10.0,91.5
4238,21,3.3,83.4,9.0,43.0
4239,18,4.7,82.2,5.0,45.3
4240,22,5.1,73.9,6.0,54.3
4241,19,3.7,68.1,10.0,93.3
4242,22,1.3,92.3,3.0,60.0
4243,23,6.3,62.2,7.0,51.5
4244,20,5.7,62.8,7.0,82.9
4245,20,3.5,77.6,8.0,59.1
4246,20,1.3,70.1,9.0,60.0
4247,22,10.0,89.8,5.0,84.3
4248,21,5.3,85.4,7.0,55.1
4249,19,7.8,90.9,3.0,93.8
4250,20,5.1,73.0,5.0,73.7
4251,23,1.4,89.6,4.0,72.3
4252,23,3.8,94.5,7.0,55.9
4253,20,3.9,73.8,6.0,90.1
4254,20,8.5,73.6,3.0,74.4
4255,19,6.9,96.0,9.0,49.3
4256,20,3.5,62.0,9.0,52.4
4257,19,9.7,74.0,3.0,68.1
4258,23,3.9,64.7,7.0,86.8
4259,20,10.0,61.2,10.0,96.4
4260,22,10.0,64.5,10.0,79.8
4261,24,2.7,77.2,8.0,70.4
4262,22,3.8,87.5,4.0,55.0
4263,23,5.4,71.6,6.0,80.4
4264,19,7.0,94.0,4.0,98.9
4265,22,5.8,77.5,4.0,68.6
4266,19,9.7,98.7,7.0,49.7
4267,22,7.5,98.2,6.0,46.2
4268,22,2.9,90.9,7.0,56.2
4269,19,1.9,97.3,7.0,74.2
4270,21,7.2,88.3,8.0,96.8
4271,22,2.4,95.8,3.0,57.9
4272,20,8.1,69.5,9.0,58.3
4273,24,3.8,73.8,8.0,68.9
4274,23,3.9,90.1,9.0,95.1
4275,21,1.1,77.0,8.0,65.1
4276,19,7.3,93.5,7.0,53.4
4277,21,2.0,95.1,8.0,49.8
4278,18,8.0,72.0,9.0,67.4
4279,18,5.4,92.9,8.0,88.0
4280,22,8.1,66.2,5.0,57.5
4281,22,6.3,73.4,6.0,70.8
4282,20,1.7,80.7,3.0,76.2
4283,24,7.9,69.1,9.0,67.0
4284,23,1.6,83.2,6.0,
4285,21,5.3,83.1,3.0,95.3
4286,18,2.6,68.3,10.0,73.9
4287,22,7.8,91.8,5.0,83.7
4288,23,9.2,85.3,7.0,78.2
4289,21,6.0,72.7,10.0,99.9
4290,22,,69.3,9.0,67.4
4291,22,7.9,95.2,10.0,65.5
4292,18,1.0,93.4,3.0,61.6
4293,18,9.3,69.2,3.0,61.7
4294,22,2.8,61.4,3.0,56.5
4295,19,,92.2,5.0,98.8
4296,22,7.6,84.6,10.0,92.2
4297,23,8.0,64.0,,59.0
4298,22,6.9,83.5,5.0,58.3
4299,20,5.2,78.1,3.0,46.2
4300,24,6.1,91.0,8.0,92.6
4301,20,1.4,68.4,3.0,62.3
4302,20,6.6,78.1,8.0,74.4
4303,19,6.6,66.2,7.0,94.0
4304,19,9.0,98.3,5.0,64.5
4305,22,5.6,91.1,8.0,88.4
4306,20,1.7,89.5,5.0,65.8
4307,19,3.8,87.6,4.0,82.1
4308,18,6.9,76.9,6.0,65.9
4309,22,3.2,96.9,4.0,63.6
4310,23,3.5,62.9,8.0,99.4
4311,24,8.4,92.1,4.0,76.7
4312,21,6.3,68.6,10.0,62.0
4313,22,5.6,73.0,9.0,55.5
4314,21,3.9,80.8,6.0,42.4
4315,20,7.6,91.3,8.0,82.4
4316,24,3.6,,7.0,62.3
4317,21,7.6,83.3,10.0,89.3
4318,20,1.6,76.1,7.0,61.8
4319,18,8.8,97.9,6.0,62.4
4320,21,5.5,69.9,6.0,86.8
4321,24,4.9,92.1,8.0,69.4
4322,22,6.5,84.5,5.0,93.1
4323,20,6.6,75.1,9.0,75.4
4324,22,2.2,60.1,8.0,54.4
4325,24,7.8,77.9,10.0,74.1
4326,19,3.5,71.1,5.0,40.2
4327,20,9.1,64.2,5.0,58.7
4328,21,8.4,63.0,5.0,52.5
4329,20,4.1,73.9,8.0,79.3
4330,22,8.3,84.6,3.0,48.2
4331,18,4.2,93.5,3.0,57.4
4332,20,1.9,67.3,7.0,59.9
4333,21,9.7,77.0,3.0,40.2
4334,19,6.9,75.7,3.0,42.8
4335,23,5.1,80.5,5.0,58.7
4336,18,4.6,92.4,5.0,53.3
4337,19,3.9,82.1,6.0,47.0
4338,20,9.8,93.9,5.0,49.2
4339,22,2.2,80.7,8.0,90.1
4340,24,3.8,84.2,6.0,81.0
4341,22,5.4,77.5,,69.0
4342,21,5.3,92.9,6.0,94.5
4343,22,5.2,97.0,10.0,41.8
4344,18,2.6,85.6,3.0,60.7
4345,22,2.3,92.8,10.0,89.4
4346,21,3.3,62.4,5.0,77.7
4347,23,9.2,96.2,3.0,98.9
4348,20,2.0,67.6,5.0,96.7
4349,24,7.8,70.3,,50.2
4350,20,7.8,62.1,9.0,98.3
4351,22,8.3,98.6,3.0,96.7
4352,19,9.0,94.1,3.0,62.4
4353,20,3.4,96.5,8.0,99.0
4354,23,3.0,93.9,9.0,42.2
4355,22,5.2,79.2,10.0,79.6
4356,24,3.4,97.0,7.0,56.0
4357,21,7.6,98.8,9.0,47.8
4358,23,6.7,80.1,3.0,74.7
4359,22,8.9,67.0,4.0,58.4
4360,23,,86.3,4.0,80.0
4361,20,9.2,99.0,4.0,72.4
4362,24,3.6,94.9,8.0,63.6
4363,21,5.4,94.5,6.0,50.9
4364,22,4.9,97.4,10.0,76.1
4365,18,7.8,95.8,3.0,89.8
4366,21,4.8,91.1,9.0,76.0
4367,18,9.5,88.7,4.0,76.6
4368,23,9.1,70.6,8.0,70.7
4369,19,8.8,84.9,6.0,63.3
4370,21,1.6,80.9,10.0,67.4
4371,23,8.7,94.5,4.0,99.4
4372,18,8.0,79.7,5.0,85.0
4373,20,1.9,65.1,7.0,65.8
4374,20,2.0,60.2,3.0,67.4
4375,19,,87.1,7.0,70.0
4376,21,1.1,82.0,7.0,79.6
4377,21,5.9,73.2,5.0,68.0
4378,21,9.8,66.8,5.0,81.2
4379,23,4.9,78.7,5.0,59.8
4380,24,5.9,64.0,6.0,64.6
4381,24,9.7,73.4,4.0,91.8
4382,19,3.3,75.2,9.0,59.7
4383,21,8.7,78.6,3.0,97.9
4384,23,5.9,78.7,5.0,50.4
4385,20,6.1,70.3,8.0,54.5
4386,18,4.1,94.0,10.0,67.8
4387,23,6.1,74.2,3.0,87.8
4388,24,1.7,69.2,10.0,83.9
4389,24,7.9,67.0,9.0,50.5
4390,20,3.6,72.9,3.0,54.2
4391,20,9.0,62.7,3.0,74.5
4392,18,4.3,61.3,5.0,57.7
4393,20,2.3,84.2,5.0,65.3
4394,19,7.3,84.8,4.0,69.2
4395,18,2.5,81.2,9.0,75.7
4396,20,7.8,90.5,5.0,55.1
4397,22,9.7,61.6,5.0,49.8
4398,23,8.0,97.4,3.0,63.9
4399,20,1.2,63.8,4.0,44.9
4400,19,6.4,87.0,7.0,71.6
4401,21,7.3,65.3,5.0,90.4
4402,20,8.4,95.2,8.0,47.1
4403,24,1.5,80.4,5.0,46.8
4404,24,5.3,63.3,7.0,44.8
4405,24,5.8,84.7,3.0,
4406,21,2.5,60.4,9.0,44.8
4407,24,3.9,91.0,4.0,99.0
4408,22,5.0,86.0,3.0,61.5
4409,20,8.5,68.5,9.0,59.7
4410,24,9.4,75.0,6.0,45.5
4411,18,6.7,60.3,5.0,75.1
4412,21,4.6,87.7,9.0,75.2
4413,22,3.3,72.9,8.0,69.6
4414,18,9.8,82.9,9.0,58.7
4415,18,9.8,98.3,6.0,62.1
4416,18,9.3,72.0,5.0,59.2
4417,18,8.1,99.6,6.0,65.6
4418,20,3.9,85.3,7.0,60.5
4419,24,8.4,69.7,5.0,80.5
4420,23,4.7,77.5,8.0,57.7
4421,20,3.9,89.6,5.0,61.1
4422,20,7.7,77.9,6.0,66.1
4423,22,1.7,62.7,10.0,40.2
4424,22,1.4,66.7,4.0,69.5
4425,24,5.0,91.7,6.0,55.3
4426,23,5.0,85.9,5.0,43.4
4427,22,9.1,82.8,10.0,94.7
4428,24,2.1,66.7,5.0,59.3
4429,24,2.1,93.5,9.0,65.6
4430,19,2.3,98.4,10.0,89.6
4431,23,1.3,61.6,4.0,50.0
4432,22,1.6,63.1,3.0,91.0
4433,23,6.9,95.4,4.0,54.5
4434,20,4.9,92.6,3.0,75.3
4435,20,7.9,84.7,8.0,81.1
4436,23,9.9,97.8,5.0,94.3
4437,19,6.9,85.9,9.0,76.5
4438,19,1.5,68.6,10.0,67.2
4439,23,1.9,89.1,7.0,74.3
4440,22,8.9,85.8,7.0,52.1
4441,21,5.7,99.4,6.0,81.3
4442,19,,68.6,4.0,51.2
4443,18,8.7,83.9,10.0,73.4
4444,20,9.3,91.2,4.0,78.9
4445,23,9.5,73.6,10.0,93.9
4446,18,6.0,75.2,7.0,67.0
4447,23,4.1,95.5,3.0,86.5
4448,24,9.7,76.2,4.0,50.1
4449,20,5.9,85.0,3.0,49.4
4450,20,1.6,95.6,3.0,71.5
4451,19,6.8,68.4,3.0,75.8
4452,19,6.3,99.3,3.0,77.9
4453,18,9.1,88.1,9.0,84.7
4454,24,6.9,79.8,6.0,57.7
4455,23,4.1,77.2,6.0,77.4
4456,24,9.7,98.2,9.0,51.3
4457,20,8.2,68.2,7.0,53.1
4458,18,6.7,72.5,10.0,44.0
4459,21,3.6,72.3,6.0,84.8
4460,18,4.4,71.6,10.0,70.4
4461,22,7.0,78.7,8.0,54.3
4462,18,1.6,99.6,9.0,73.4
4463,24,3.3,95.6,4.0,61.3
4464,22,7.4,73.1,8.0,90.2
4465,22,5.3,76.9,9.0,71.7
4466,22,4.6,86.8,6.0,41.8
4467,21,2.4,60.7,4.0,99.1
4468,18,5.0,92.8,10.0,44.5
4469,24,7.9,95.2,4.0,81.8
4470,18,3.4,94.3,10.0,66.2
4471,21,1.0,75.0,3.0,55.0
4472,20,7.0,78.5,7.0,80.6
4473,19,9.8,60.5,3.0,47.6
4474,24,6.5,76.0,9.0,91.5
4475,24,2.1,78.4,3.0,55.0
4476,18,3.9,96.3,8.0,61.7
4477,19,8.8,95.8,10.0,78.0
4478,23,3.1,98.6,10.0,40.1
4479,23,6.5,95.4,6.0,68.4
4480,21,4.6,60.3,10.0,93.7
4481,23,2.9,85.7,8.0,80.8
4482,24,8.3,62.7,6.0,63.3
4483,23,7.7,70.9,8.0,79.6
4484,20,7.0,83.1,4.0,96.2
4485,20,3.1,88.0,6.0,51.3
4486,20,1.9,86.2,10.0,71.9
4487,23,6.2,62.0,6.0,54.1
4488,21,6.0,64.1,8.0,91.3
4489,22,2.7,65.1,5.0,83.3
4490,22,1.5,63.7,,88.1
4491,19,1.7,67.1,9.0,96.6
4492,22,9.9,87.5,10.0,53.9
4493,22,8.1,93.2,4.0,42.9
4494,20,9.3,76.4,10.0,57.5
4495,20,2.8,87.7,9.0,63.9
4496,23,9.6,68.0,5.0,77.5
4497,19,2.3,98.9,8.0,87.9
4498,18,5.6,74.0,8.0,61.0
4499,24,8.5,93.8,4.0,68.4
4500,19,4.1,97.8,8.0,87.1
4501,19,,94.6,7.0,53.5
4502,21,2.2,62.7,7.0,53.0
4503,23,2.1,86.0,10.0,75.4
4504,21,6.6,64.8,9.0,66.2
4505,19,7.1,60.2,5.0,96.9
4506,19,8.0,62.1,10.0,61.4
4507,19,6.0,96.6,6.0,85.6
4508,22,6.8,96.3,10.0,75.0
4509,24,1.1,69.0,7.0,43.3
4510,24,2.5,81.9,10.0,45.1
4511,21,9.9,98.2,9.0,52.2
4512,19,1.7,79.9,10.0,48.6
4513,24,7.1,75.7,8.0,59.8
4514,20,2.6,79.3,5.0,74.7
4515,24,7.5,91.6,9.0,76.1
4516,23,7.4,79.1,9.0,75.3
4517,23,3.1,91.3,7.0,47.1
4518,24,3.4,77.3,3.0,76.0
4519,20,6.9,70.1,5.0,64.6
4520,23,4.5,73.1,4.0,94.2
4521,22,2.8,63.1,9.0,94.7
4522,24,7.6,79.9,7.0,86.1
4523,22,2.4,65.9,4.0,82.2
4524,24,8.7,92.5,5.0,46.9
4525,18,5.6,76.8,7.0,45.1
4526,18,2.0,90.6,4.0,90.5
4527,18,7.2,98.2,10.0,65.6
4528,23,5.7,94.0,6.0,67.1
4529,22,3.7,98.1,9.0,90.9
4530,22,4.8,82.7,6.0,77.3
4531,22,3.7,66.6,3.0,50.8
4532,20,3.4,97.4,8.0,52.7
4533,22,2.5,94.7,5.0,40.4
4534,20,4.3,94.6,8.0,82.6
4535,18,3.3,87.7,8.0,69.1
4536,18,7.2,85.0,4.0,97.0
4537,23,7.2,60.6,3.0,82.8
4538,24,5.5,89.9,5.0,46.2
4539,18,8.0,63.7,6.0,49.7
4540,24,8.6,70.4,8.0,70.1
4541,24,6.2,82.1,4.0,95.5
4542,23,6.6,78.1,8.0,54.8
4543,19,3.5,60.6,7.0,89.5
4544,19,9.1,93.0,6.0,58.7
4545,21,1.2,95.2,8.0,56.2
4546,23,4.1,87.3,7.0,94.1
4547,21,7.5,81.6,7.0,42.8
4548,21,1.7,98.4,4.0,79.6
4549,19,2.6,64.8,4.0,42.6
4550,23,6.3,89.5,7.0,88.0
4551,19,6.0,65.1,3.0,89.8
4552,21,7.7,75.3,8.0,93.6
4553,23,8.3,83.4,7.0,51.2
4554,21,2.2,89.5,7.0,47.5
4555,22,1.2,60.1,4.0,70.2
4556,24,7.2,70.4,8.0,56.3
4557,23,3.7,81.5,5.0,76.4
4558,23,6.6,81.3,6.0,70.8
4559,24,2.4,85.5,4.0,48.7
4560,21,5.2,72.2,8.0,84.4
4561,22,5.5,81.6,8.0,88.2
4562,20,6.3,67.6,10.0,97.8
4563,24,5.6,,9.0,63.7
4564,19,5.5,83.1,3.0,60.3
4565,21,4.0,87.4,6.0,51.5
4566,24,1.6,64.8,4.0,50.9
4567,24,1.8,64.9,4.0,59.3
4568,23,4.9,82.6,5.0,98.9
4569,19,4.2,70.8,9.0,45.5
4570,19,5.6,75.7,9.0,55.6
4571,19,3.7,76.0,3.0,45.2
4572,24,7.2,67.1,10.0,56.4
4573,20,8.8,60.1,10.0,45.5
4574,18,3.7,94.1,9.0,70.5
4575,21,2.7,88.6,3.0,66.3
4576,18,2.0,87.6,10.0,50.4
4577,24,,81.9,8.0,50.5
4578,18,5.0,88.0,8.0,77.6
4579,24,2.7,97.4,4.0,63.2
4580,18,6.9,86.6,10.0,43.4
4581,19,2.3,70.6,5.0,95.2
4582,22,6.0,82.8,4.0,64.3
4583,19,5.7,77.7,9.0,75.5
4584,19,7.6,82.3,7.0,93.1
4585,23,1.5,80.7,,64.1
4586,23,9.0,94.4,7.0,89.2
4587,18,7.3,86.1,9.0,94.9
4588,24,2.9,67.6,10.0,50.4
4589,19,2.7,62.5,5.0,93.5
4590,18,4.9,77.0,4.0,47.2
4591,23,8.4,60.6,8.0,56.5
4592,22,8.6,72.7,5.0,88.5
4593,21,5.7,74.7,4.0,94.0
4594,18,8.7,75.0,4.0,81.0
4595,22,1.0,99.2,7.0,46.3
4596,21,1.3,72.2,6.0,71.4
4597,20,9.2,70.6,9.0,74.4
4598,18,8.0,65.2,3.0,56.9
4599,18,5.1,80.4,8.0,99.5
4600,20,7.8,66.1,3.0,60.1
4601,20,9.6,84.7,10.0,52.6
4602,18,7.9,66.2,5.0,46.6
4603,20,8.6,83.1,10.0,62.7
4604,19,7.8,93.1,10.0,81.6
4605,21,2.5,61.7,3.0,53.9
4606,21,8.5,76.8,7.0,86.2
4607,21,2.8,78.4,6.0,48.1
4608,19,9.0,91.6,8.0,66.4
4609,24,5.1,78.7,9.0,82.1
4610,20,7.1,82.7,4.0,48.1
4611,22,5.5,91.6,4.0,75.9
4612,20,1.8,82.4,9.0,87.9
4613,18,3.6,74.3,7.0,75.7
4614,23,9.9,63.4,8.0,70.7
4615,21,9.6,89.2,3.0,90.3
4616,20,3.9,94.8,9.0,99.1
4617,22,10.0,98.8,4.0,50.9
4618,18,8.6,97.1,3.0,81.5
4619,19,6.5,91.9,7.0,44.8
4620,24,1.4,85.7,4.0,42.6
4621,19,9.1,91.3,5.0,56.8
4622,22,6.0,77.3,6.0,98.3
4623,18,8.8,83.8,3.0,73.1
4624,21,8.5,73.9,9.0,56.1
4625,20,8.5,73.1,8.0,48.0
4626,18,7.3,90.3,3.0,95.2
4627,24,,78.2,3.0,61.7
4628,19,4.0,68.5,3.0,58.4
4629,24,3.8,68.1,9.0,
4630,24,1.2,94.4,7.0,76.3
4631,22,6.2,87.1,7.0,50.1
4632,22,7.3,81.8,8.0,
4633,20,8.7,76.0,7.0,95.7
4634,22,2.3,77.2,,94.1
4635,22,5.9,62.3,8.0,44.2
4636,18,1.1,78.2,10.0,56.1
4637,21,1.9,91.8,8.0,49.3
4638,20,1.5,75.5,7.0,72.0
4639,18,7.5,75.3,10.0,85.0
4640,21,,60.6,4.0,57.7
4641,24,7.4,78.3,7.0,
4642,18,3.2,61.0,4.0,80.1
4643,23,8.9,82.8,5.0,83.7
4644,18,8.3,80.3,7.0,96.9
4645,22,9.6,93.6,5.0,65.5
4646,21,9.0,83.3,7.0,60.6
4647,20,9.4,72.9,5.0,81.0
4648,20,8.7,80.6,6.0,88.5
4649,21,7.2,88.0,5.0,51.5
4650,22,2.5,63.8,4.0,90.8
4651,19,3.4,84.8,3.0,43.5
4652,18,2.9,96.7,8.0,40.4
4653,22,6.4,72.0,5.0,49.5
4654,23,5.5,85.1,3.0,98.7
4655,24,8.8,92.9,9.0,71.4
4656,21,9.6,80.5,6.0,42.8
4657,18,4.6,88.7,6.0,99.8
4658,20,5.6,72.4,10.0,84.7
4659,24,9.7,,9.0,90.3
4660,19,3.5,86.7,9.0,52.8
4661,23,8.1,88.2,10.0,46.3
4662,20,3.0,97.5,9.0,70.9
4663,21,7.1,69.0,4.0,86.3
4664,18,3.3,78.7,9.0,78.3
4665,21,9.0,70.0,4.0,77.9
4666,24,6.1,63.2,10.0,85.4
4667,18,2.7,76.1,5.0,53.6
4668,22,3.0,75.0,10.0,79.7
4669,19,5.4,70.8,7.0,63.5
4670,22,9.7,71.9,9.0,
4671,22,7.9,74.4,9.0,52.1
4672,21,5.4,99.6,6.0,87.6
4673,24,4.0,91.3,10.0,93.8
4674,19,5.9,62.9,10.0,57.0
4675,18,7.7,94.9,3.0,51.4
4676,18,8.1,85.3,7.0,41.6
4677,23,3.9,95.6,6.0,96.9
4678,20,7.5,73.7,5.0,81.0
4679,23,6.9,78.6,9.0,97.4
4680,23,9.6,95.8,6.0,91.8
4681,18,9.4,70.9,4.0,60.4
4682,21,8.1,96.6,3.0,46.8
4683,22,7.5,93.1,3.0,69.9
4684,24,3.5,99.2,4.0,41.6
4685,22,8.6,73.0,10.0,49.0
4686,22,4.8,69.4,9.0,54.0
4687,19,3.5,73.2,9.0,79.9
4688,18,4.5,98.2,7.0,70.6
4689,24,8.5,73.3,4.0,58.1
4690,21,2.3,82.6,9.0,73.9
4691,19,5.1,76.1,3.0,47.5
4692,20,5.4,75.8,9.0,85.3
4693,21,1.3,67.7,5.0,82.7
4694,23,2.8,81.5,9.0,53.0
4695,21,8.4,94.0,7.0,76.4
4696,21,8.5,62.0,8.0,70.2
4697,22,3.6,95.6,6.0,43.6
4698,21,8.9,86.6,8.0,56.7
4699,23,7.9,84.7,5.0,100.0
4700,23,4.8,85.0,8.0,46.0
4701,18,7.7,71.9,9.0,70.4
4702,21,9.7,76.6,7.0,91.0
4703,22,5.1,92.0,3.0,58.0
4704,21,3.1,72.3,3.0,55.6
4705,20,9.5,78.8,5.0,93.4
4706,20,6.4,60.8,8.0,58.3
4707,22,1.9,89.3,10.0,79.1
4708,18,6.2,76.7,10.0,84.4
4709,18,5.5,81.0,7.0,87.3
4710,23,8.7,64.6,6.0,99.7
4711,23,5.8,99.7,9.0,88.2
4712,19,3.3,72.1,8.0,79.4
4713,22,7.1,85.4,10.0,93.7
4714,21,5.9,83.2,10.0,94.3
4715,24,3.1,91.4,8.0,98.4
4716,22,6.2,71.8,6.0,86.6
4717,19,8.4,90.2,4.0,51.7
4718,23,1.3,75.3,9.0,82.6
4719,22,6.7,76.4,5.0,44.5
4720,22,4.1,86.9,9.0,59.1
4721,23,3.6,91.4,7.0,46.9
4722,19,4.5,86.7,5.0,97.0
4723,23,4.1,96.0,6.0,60.3
4724,18,8.5,71.4,7.0,82.8
4725,21,3.5,96.0,3.0,74.3
4726,23,7.6,65.2,3.0,46.5
4727,19,1.8,86.4,9.0,73.7
4728,20,9.6,81.9,7.0,79.7
4729,18,6.6,79.8,5.0,92.9
4730,20,7.4,72.4,5.0,44.2
4731,24,3.7,80.1,3.0,57.7
4732,23,4.7,66.5,3.0,81.5
4733,18,3.0,74.8,6.0,42.1
4734,21,9.4,63.9,,52.2
4735,23,5.4,82.9,5.0,53.1
4736,21,6.7,63.8,10.0,80.2
4737,22,7.6,66.4,6.0,57.2
4738,20,4.3,63.4,5.0,76.0
4739,18,7.5,75.3,3.0,97.9
4740,21,7.1,93.7,7.0,87.6
4741,19,7.4,96.3,4.0,60.0
4742,21,5.4,62.9,7.0,68.3
4743,19,4.4,85.4,8.0,52.0
4744,23,3.0,87.4,10.0,40.9
4745,18,8.4,81.4,,57.4
4746,21,6.5,86.7,10.0,62.2
4747,24,5.0,69.3,4.0,73.9
4748,21,9.5,79.6,9.0,96.6
4749,24,1.4,75.6,9.0,96.9
4750,18,8.7,63.6,6.0,44.2
4751,21,10.0,85.0,4.0,76.9
4752,19,9.0,79.8,4.0,42.5
4753,21,8.3,71.0,6.0,78.9
4754,20,4.4,78.9,7.0,47.1
4755,23,3.1,91.0,6.0,96.8
4756,22,,92.1,8.0,91.9
4757,19,3.7,86.0,3.0,41.3
4758,20,2.6,78.7,9.0,86.9
4759,24,8.1,83.0,3.0,78.2
4760,23,3.8,75.4,9.0,69.7
4761,18,9.2,65.1,4.0,76.2
4762,19,8.6,75.4,10.0,80.7
4763,22,8.6,81.2,6.0,93.1
4764,23,7.9,84.0,6.0,
4765,24,8.9,97.4,6.0,74.5
4766,22,8.3,91.1,10.0,89.5
4767,18,6.4,66.1,8.0,99.2
4768,18,3.7,67.0,8.0,58.0
4769,24,9.0,64.0,10.0,47.1
4770,19,8.6,89.5,7.0,83.9
4771,24,5.3,88.2,10.0,98.7
4772,21,1.4,99.5,5.0,47.0
4773,18,6.7,80.9,9.0,65.9
4774,23,1.5,93.1,5.0,43.7
4775,21,9.3,83.1,5.0,86.6
4776,20,9.7,95.0,10.0,96.9
4777,22,2.7,88.8,9.0,69.9
4778,21,,85.7,7.0,64.6
4779,22,1.8,82.6,6.0,94.5
4780,24,7.6,88.9,5.0,48.0
4781,21,4.1,76.8,10.0,93.5
4782,24,7.1,63.9,6.0,63.5
4783,20,4.4,61.6,10.0,73.6
4784,18,2.3,79.2,4.0,71.7
4785,20,4.7,84.0,5.0,77.0
4786,18,2.0,63.2,4.0,96.5
4787,24,6.2,71.5,7.0,97.1
4788,18,1.4,72.9,3.0,89.9
4789,22,5.7,82.5,8.0,51.5
4790,23,9.0,71.1,9.0,60.0
4791,20,8.5,63.8,10.0,69.3
4792,21,8.9,66.6,7.0,94.3
4793,20,9.3,67.0,7.0,71.3
4794,22,1.9,93.7,7.0,98.6
4795,18,2.2,71.4,5.0,99.0
4796,22,6.0,88.6,4.0,75.9
4797,19,9.0,82.7,8.0,92.6
4798,19,9.8,99.1,5.0,100.0
4799,21,1.4,70.9,3.0,91.0
4800,22,4.2,66.3,9.0,79.4
4801,24,2.9,62.1,9.0,90.7
4802,21,7.8,69.6,8.0,45.0
4803,24,,87.4,9.0,78.1
4804,21,2.1,63.4,9.0,53.0
4805,19,5.4,69.8,7.0,47.0
4806,21,7.2,94.2,6.0,93.6
4807,19,8.0,83.3,3.0,78.4
4808,18,,62.8,4.0,54.6
4809,24,9.0,61.9,10.0,
4810,22,6.1,62.4,3.0,98.4
4811,21,8.3,97.7,5.0,91.7
4812,19,8.3,94.0,9.0,40.9
4813,20,2.7,93.8,6.0,98.8
4814,24,2.0,97.0,10.0,62.1
4815,21,7.5,80.2,5.0,81.7
4816,23,2.4,69.9,8.0,82.8
4817,18,8.6,,7.0,94.7
4818,18,7.5,88.8,9.0,93.1
4819,20,8.6,95.0,7.0,56.9
4820,19,3.7,77.4,3.0,78.6
4821,21,3.8,81.4,7.0,63.6
4822,24,7.0,97.3,7.0,71.5
4823,19,1.3,64.3,8.0,73.3
4824,18,7.5,94.5,4.0,63.8
4825,19,8.5,66.4,4.0,67.8
4826,18,4.7,79.4,5.0,52.5
4827,19,7.9,68.7,9.0,76.5
4828,20,2.6,84.1,5.0,85.5
4829,22,3.9,82.3,4.0,65.8
4830,20,9.8,75.2,3.0,98.7
4831,20,9.9,94.5,4.0,43.4
4832,22,5.6,86.4,5.0,75.3
4833,22,9.4,88.8,6.0,75.0
4834,21,5.7,66.0,9.0,42.2
4835,24,3.6,95.3,7.0,53.5
4836,24,3.4,66.7,8.0,94.3
4837,21,9.4,68.9,6.0,72.7
4838,20,2.6,65.1,6.0,66.2
4839,20,6.2,77.6,7.0,64.9
4840,18,6.0,95.5,4.0,93.3
4841,18,,70.1,10.0,62.0
4842,24,5.5,75.0,9.0,91.6
4843,21,3.5,93.8,3.0,58.6
4844,23,,84.7,6.0,71.9
4845,23,6.6,90.1,3.0,48.6
4846,21,7.5,68.6,8.0,89.5
4847,18,6.1,88.7,8.0,84.2
4848,24,7.6,69.1,8.0,71.8
4849,24,2.3,99.5,5.0,41.6
4850,18,8.9,82.4,6.0,68.9
4851,23,6.2,87.8,8.0,53.5
4852,19,2.1,64.7,5.0,64.8
4853,19,5.2,70.0,8.0,91.4
4854,18,8.6,65.6,,86.2
4855,19,9.1,75.6,6.0,54.5
4856,22,3.4,71.4,5.0,99.1
4857,21,7.4,89.3,8.0,94.2
4858,21,1.9,64.3,9.0,71.7
4859,18,1.3,90.1,5.0,71.8
4860,20,6.0,61.8,8.0,94.1
4861,23,7.3,68.1,4.0,78.2
4862,18,8.2,91.7,3.0,72.2
4863,19,4.1,89.7,10.0,84.9
4864,23,1.1,79.1,8.0,54.1
4865,20,5.3,62.0,3.0,92.7
4866,19,1.1,84.4,6.0,71.9
4867,24,1.8,76.3,4.0,76.2
4868,22,3.9,72.7,9.0,45.4
4869,19,4.9,85.6,6.0,58.6
4870,22,3.5,77.5,9.0,65.6
4871,23,6.2,63.7,3.0,64.8
4872,22,1.5,96.6,4.0,86.7
4873,23,2.3,91.1,7.0,56.9
4874,23,7.3,62.3,4.0,50.9
4875,23,2.3,81.0,4.0,75.0
4876,23,6.8,63.3,9.0,76.9
4877,23,1.5,93.5,7.0,47.3
4878,19,4.7,84.5,5.0,40.1
4879,23,2.6,66.9,5.0,95.1
4880,19,2.0,60.8,5.0,44.8
4881,23,6.1,61.3,3.0,93.9
4882,22,9.4,80.3,4.0,64.0
4883,24,1.5,89.4,8.0,79.2
4884,23,4.8,64.8,7.0,51.1
4885,20,7.4,68.9,8.0,89.4
4886,23,5.2,,3.0,50.8
4887,23,8.3,68.7,7.0,63.2
4888,22,2.6,75.7,8.0,54.3
4889,21,9.6,82.4,10.0,90.3
4890,22,4.5,87.4,9.0,91.5
4891,20,4.1,98.6,3.0,62.3
4892,21,8.9,97.2,3.0,58.4
4893,18,6.1,82.8,10.0,86.4
4894,18,5.6,89.4,3.0,92.7
4895,20,7.5,98.0,7.0,77.4
4896,22,6.2,63.3,8.0,95.6
4897,19,2.5,60.2,8.0,63.0
4898,20,7.1,61.2,6.0,49.1
4899,24,2.2,82.5,3.0,50.8
4900,21,8.3,90.5,5.0,80.2
4901,21,9.9,74.7,4.0,64.5
4902,23,4.4,81.8,9.0,49.4
4903,18,5.0,80.7,9.0,57.5
4904,21,1.4,63.8,6.0,71.8
4905,20,1.1,72.9,6.0,47.3
4906,21,9.3,60.8,7.0,40.2
4907,20,2.2,64.4,6.0,95.0
4908,19,5.0,92.5,8.0,58.3
4909,23,8.3,93.2,7.0,53.3
4910,18,9.0,92.1,7.0,81.9
4911,21,5.7,89.1,9.0,91.2
4912,20,6.1,91.7,9.0,77.9
4913,22,7.0,86.8,5.0,55.3
4914,18,9.7,86.8,3.0,91.7
4915,19,6.4,86.7,10.0,70.6
4916,20,6.0,80.6,10.0,62.9
4917,24,1.1,74.5,6.0,76.3
4918,24,1.7,89.2,3.0,82.0
4919,23,6.2,71.9,3.0,75.6
4920,23,9.4,81.7,3.0,95.2
4921,19,8.8,77.3,7.0,77.7
4922,19,9.8,71.1,3.0,92.7
4923,23,5.8,99.0,6.0,75.2
4924,21,8.1,70.4,7.0,59.8
4925,21,8.6,72.4,6.0,71.9
4926,20,6.8,66.5,7.0,45.2
4927,22,4.0,92.9,10.0,53.8
4928,20,5.2,83.5,4.0,
4929,22,8.7,84.5,4.0,79.7
4930,19,3.7,92.8,10.0,50.0
4931,18,,73.7,4.0,66.3
4932,20,3.1,67.7,4.0,48.5
4933,20,7.7,67.9,10.0,91.3
4934,22,6.7,89.3,7.0,46.6
4935,19,7.7,84.6,3.0,79.3
4936,19,4.9,68.3,10.0,76.4
4937,24,9.4,65.8,5.0,68.4
4938,22,6.7,64.8,9.0,56.7
4939,19,3.6,85.1,8.0,64.2
4940,23,6.7,60.0,5.0,88.4
4941,21,3.6,60.7,4.0,85.7
4942,24,3.6,75.6,3.0,84.3
4943,23,4.6,87.7,6.0,85.0
4944,18,8.7,87.8,3.0,48.6
4945,20,5.5,77.2,,45.9
4946,24,7.1,87.6,5.0,91.7
4947,18,4.5,80.8,3.0,90.2
4948,20,3.4,99.1,3.0,80.9
4949,21,9.6,66.5,8.0,76.4
4950,19,6.4,84.0,10.0,62.0
4951,23,9.4,79.6,5.0,53.4
4952,22,2.8,67.8,3.0,80.1
4953,23,2.3,90.0,6.0,94.8
4954,21,8.7,71.0,9.0,66.2
4955,18,7.1,75.3,3.0,58.2
4956,22,2.7,75.0,6.0,56.2
4957,19,3.4,69.8,4.0,41.4
4958,21,8.2,77.2,3.0,71.2
4959,22,5.1,78.9,6.0,99.3
4960,21,7.0,89.8,9.0,88.9
4961,21,,90.6,5.0,93.8
4962,19,4.4,66.3,4.0,77.3
4963,24,9.9,83.7,3.0,68.9
4964,20,3.2,95.8,8.0,99.4
4965,22,5.6,64.4,6.0,66.8
4966,19,8.6,78.9,9.0,95.0
4967,21,3.2,90.0,8.0,85.7
4968,19,4.7,84.5,3.0,59.9
4969,24,6.5,64.0,6.0,70.2
4970,20,5.3,75.9,3.0,63.1
4971,23,5.1,80.3,4.0,48.2
4972,22,4.3,99.8,9.0,61.4
4973,20,6.3,67.1,9.0,93.3
4974,18,6.6,99.3,4.0,85.2
4975,22,6.9,75.0,3.0,56.7
4976,20,1.6,68.0,3.0,62.1
4977,21,6.7,76.6,7.0,77.0
4978,22,9.6,84.6,3.0,65.0
4979,22,5.9,68.5,9.0,70.2
4980,19,7.4,71.7,3.0,81.9
4981,21,6.0,94.2,8.0,68.0
4982,18,,100.0,8.0,51.5
4983,23,9.4,72.7,4.0,71.2
4984,24,2.7,66.0,8.0,61.4
4985,20,4.9,91.7,3.0,57.4
4986,19,4.5,84.0,5.0,59.7
4987,20,4.6,64.0,10.0,66.3
4988,18,2.1,97.9,3.0,93.2
4989,18,8.3,63.1,10.0,84.0
4990,22,1.3,85.0,9.0,80.1
4991,24,5.8,77.0,7.0,68.3
4992,18,7.0,82.3,6.0,40.1
4993,20,2.9,68.5,9.0,60.4
4994,21,9.2,87.5,10.0,88.8
4995,21,8.5,98.4,4.0,63.3
4996,22,5.2,78.3,8.0,73.8
4997,23,4.7,80.9,5.0,52.3
4998,20,3.1,69.6,9.0,95.0
4999,20,7.6,95.7,6.0,95.4
5000,18,2.2,98.8,,48.8
